标题,户型,面积（平方）,房租（元/月）,每平方房租（元）
宝石新村 1室1厅 4500元,1室1厅,50,4500,90.0
莫干山路361号 2室1厅 3900元,2室1厅,76,3900,51.316
花园北村 2室1厅 5000元,2室1厅,65,5000,76.923
古荡简单清爽两房，价格便宜，随时看房,2室1厅,63.75,3800,59.608
天河西苑三房装修清爽，采光良好，拎包入住,3室2厅,71.44,4800,67.189
圣苑小区 3室2厅 7000元,3室2厅,125,7000,56.0
融信杭州公馆5居室 03卧,5室1厅,8.9,1790,201.124
高品质的房子，旁边是西溪银泰城.地铁口（在建）,4室2厅,204,22000,107.843
金祝新村 2室1厅 4200元,2室1厅,56,4200,75.0
白荡海社区 2室1厅 4000元,2室1厅,68,4000,58.824
湖畔花园排屋诚心出租，可办公！,4室3厅,160,15000,93.75
高品质的房子，旁边是西溪银泰城.地铁口（在建）,4室2厅,210,20000,95.238
保俶路 2室1厅 4600元,2室1厅,62.5,4600,73.6
世贸丽晶城 2室2厅 8600元,2室2厅,98,8600,87.755
钱江之江新天地 1室1厅 2500元,1室1厅,37,2500,67.568
云溪香山 3室1厅 4200元,3室1厅,96,4200,43.75
友谊新村 2室1厅 4600元,2室1厅,59.2,4600,77.703
文二新村 标准三室 南北通透 拎包入住,3室1厅,60.19,4500,74.763
初次出租，精致装修带地暖，选择这套房不会后悔！,3室2厅,140,9000,64.286
高大上写字楼！带电梯，可办公可注册公司！,3室2厅,123.72,10000,80.828
万科坤和玉泉，开发商精装房东房东诚心出租,2室2厅,67.95,5000,73.584
坤和和家园 2室1厅 拎包入住朝阳南北通透交通便利,2室1厅,88.45,3900,44.093
采光明亮，阳台开了门出去迎面风吹还是很舒服的,2室1厅,87.55,2800,31.982
阿里巴巴文一西路海创园未来科技城万科星空住宅出租！,3室2厅,110,6300,57.273
超大面积，三房两卫，户型好，精装修的你还在等什么？,3室2厅,111.6,5500,49.283
西荡苑梨苑 3室2厅 5500元,3室2厅,91.45,5500,60.142
文三新村 3室1厅 5200元,3室1厅,75,5200,69.333
和家园精装修大五房，景观房，视野开阔,5室3厅,371,15000,40.431
和家园优质房源，一家人自住好选择,2室1厅,88.63,4000,45.131
西溪河东  两室一厅 拎包入住。,2室2厅,76.11,5300,69.636
标题,户型,面积（平方）,房租（元/月）,每平方房租（元）
精装两房，家具家电设施齐全，给你一份温馨的家,2室1厅,89.3,6000,67.189
中海西溪华府 2室1厅 5400元,2室1厅,86,5400,62.791
富丽花园自住精装三房，干净清爽，拎包入住,3室1厅,90.32,5500,60.895
西溪诚园致诚苑 3室2厅 10000元,3室2厅,90,10000,111.111
地铁口好房，别墅小区，看房方便,2室2厅,74,4300,58.108
中海西溪华府 3室2厅 5000元,3室2厅,89,5000,56.18
秋水苑 3室2厅 7000元,3室2厅,110,7000,63.636
实用大面积房屋，超大露台。业主诚心出租,3室2厅,121.02,8500,70.236
厚诚路128号 3室1厅 4000元,3室1厅,73,4000,54.795
西溪天堂悦居 可居住可办公 可以注册公司,2室1厅,189.8,20000,105.374
胜利新村 2室1厅 4500元,2室1厅,57.3,4500,78.534
翠苑五区好房 拎包入住 装修清爽 等您来住,2室1厅,58.61,4200,71.66
西溪板块精装4房 近阿里巴巴 西溪首座  西溪银泰城,4室2厅,137.67,8500,61.742
钱江之江新天地 3室1厅 4500元,3室1厅,76.16,4500,59.086
近阿里巴巴 西溪银泰 家具家电齐全 房东自住房源,1室1厅,70.3,5600,79.659
下宁巷 两房朝南 诚心出租 近学军,2室0厅,42.5,3600,84.706
翠苑五区 3室1厅 5600元,3室1厅,80,5600,70.0
西鉴枫景 4室1厅 12000元,4室1厅,159,12000,75.472
万科星空 4室2厅 7500元,4室2厅,126,7500,59.524
城北商贸园 2室1厅 3700元,2室1厅,69.59,3700,53.169
嘉绿文苑 2室1厅 5000元,2室1厅,77.78,5000,64.284
星洲花园白沙佛庭精装排屋，品质生活,4室2厅,182,13500,74.176
短租神房 拎包入住 温暖的家只差一个你,3室1厅,71.99,5000,69.454
留下西苑 2室2厅 3300元,2室2厅,73.72,3300,44.764
师苑新村 2室1厅 4600元,2室1厅,62,4600,74.194
宝石二路8号 2室1厅 5000元,2室1厅,60,5000,83.333
春晓大四房出租，户型方正，价格美丽.,4室1厅,148.39,5000,33.695
嘉绿西苑 2室1厅 5000元,2室1厅,91,5000,54.945
德雅花园 3室1厅 5500元,3室1厅,125,5500,44.0
耀江文鼎苑 3室2厅 9500元,3室2厅,120,9500,79.167
标题,户型,面积（平方）,房租（元/月）,每平方房租（元）
边套大三房 loft结构 空间很大,3室2厅,86,6300,73.256
中海定山府 3室1厅 4000元,3室1厅,90,4000,44.444
耀江文鼎苑 4室2厅 9500元,4室2厅,134,9500,70.896
浙江工业大学之江校区宿舍 3室1厅 3000元,3室1厅,90,3000,33.333
城市芯宇精装单身公寓，诚心出租。,1室1厅,53.25,5200,97.653
融创河滨之城精装修品质好 小区环境绿化高 近阿里巴巴,3室2厅,89.52,6800,75.961
下宁巷1号  学军十三中 家具家电齐全 可拎包入住,2室1厅,66.15,4500,68.027
耀江文鼎苑 2室1厅 5700元,2室1厅,88,5700,64.773
近阿里巴巴 西溪银泰  简装2房 生活便利,2室2厅,85.24,5000,58.658
龙湖水晶郦城 3室2厅 3500元,3室2厅,89,3500,39.326
云溪香山 2室1厅 3500元,2室1厅,95,3500,36.842
翠苑一区 2室1厅 4500元,2室1厅,60,4500,75.0
华元天鹅堡 1室1厅 4500元,1室1厅,61.3,4500,73.409
西湖边，宝石山下，环境优美，生活便利,3室1厅,57.68,5000,86.685
都市阳光和苑 2室1厅 3100元,2室1厅,62,3100,50.0
中旅紫金名门 4室2厅 10000元,4室2厅,142,10000,70.423
阳光很满，就连风儿也在轻轻呢喃~,2室1厅,65.24,3800,58.246
融信杭州公馆 2室1厅 6600元,2室1厅,60,6600,110.0
溪畔花园2房精装，拎包即可入住,2室1厅,53.95,4500,83.411
求是村，房子精装修，房东诚心出租,2室2厅,77.31,5800,75.023
四百万精装带地暖，二进三院的排屋，看房方便,3室3厅,259.28,25000,96.421
龙湖水晶郦城 3室1厅 4000元,3室1厅,89,4000,44.944
中海房东自住精装3房，带中 央空调和地暖 近阿里巴巴,3室2厅,139.04,9000,64.73
复地黄龙和山排屋上面四层下面两层，运用范围广,5室5厅,327,10000,30.581
西溪留下坤和和家园。房东诚心出租,4室2厅,187.05,6000,32.077
新德雅公寓三房，可办公，诚心出租。,3室1厅,133.25,7500,56.285
黄龙复地和山房东诚心出租沿西溪路,3室1厅,88.31,4500,50.957
三墩颐景园 4室2厅 12000元,4室2厅,201,12000,59.701
万科西溪蝶园 高标准精装带地暖,3室2厅,153.76,9500,61.785
生活便利，交通方便， 采光很好，诚心出租,2室1厅,49.96,4200,84.067
标题,户型,面积（平方）,房租（元/月）,每平方房租（元）
皇朝城市花园 1室1厅 2500元,1室1厅,40,2500,62.5
留下西苑 3室2厅 4300元,3室2厅,97,4300,44.33
都市阳光华苑 2室1厅 2900元,2室1厅,65,2900,44.615
曙光路139号 2室1厅 7500元,2室1厅,75,7500,100.0
中大文锦苑有精装修三房出租，房东诚心租,3室1厅,112,9700,86.607
南都花园二区 4室2厅 6500元,4室2厅,119.5,6500,54.393
黄龙雅苑 3室2厅 12000元,3室2厅,134,12000,89.552
总有一处空间让人忘性的舒展自己~,2室1厅,63.29,4200,66.361
紫金公寓，两房朝南。采光好，大面积两房。特舒适。,2室2厅,81.89,4600,56.173
留下西苑 2室2厅 3300元,2室2厅,73.72,3300,44.764
金田花园 3室1厅 6000元,3室1厅,93,6000,64.516
河滨精装房源 近学军中 学 阿里巴巴 浙大 西溪银泰,3室2厅,87.88,6500,73.964
融创瑷骊山 1室1厅 3800元,1室1厅,48.24,3800,78.773
朗郡庭园 3室1厅 5300元,3室1厅,89,5300,59.551
建工新村 1室1厅 3500元,1室1厅,38.2,3500,91.623
聚丰公寓 1室1厅 4300元,1室1厅,35,4300,122.857
世贸丽晶城 1室1厅 5500元,1室1厅,55,5500,100.0
翠苑四区 2室1厅 4000元,2室1厅,56,4000,71.429
高教新村 3室2厅 5000元,3室2厅,76,5000,65.789
万科西溪蝶园精装修1室，靠 近中节能首座，,1室1厅,53.6,4200,78.358
北二区新上好房，价格美丽，户型美丽、,2室1厅,62,4000,64.516
【房源标题】：南北通透 清爽装修 业主诚心出租,2室1厅,52.44,3800,72.464
黄龙体育场500米内，性价超高的两房。,2室1厅,59.94,4000,66.733
翠苑二区 2室1厅 4000元,2室1厅,53,4000,75.472
西溪锋尚苑 2室1厅 4500元,2室1厅,54.92,4500,81.937
西溪蝶园二期 3室2厅 13000元,3室2厅,170.57,13000,76.215
曙光路139号 2室2厅 5500元,2室2厅,65.91,5500,83.447
星洲花园精装排屋，大户型，诚心出租,4室2厅,162,11500,70.988
西溪蝶园一期，西溪银泰旁，万科物业，拎包入住,4室1厅,191.21,14500,75.833
西溪锋尚苑 1室1厅 4500元,1室1厅,77,4500,58.442
标题,户型,面积（平方）,房租（元/月）,每平方房租（元）
万科星空 3室2厅 5500元,3室2厅,89,5500,61.798
泊林漫谷 1室1厅 3000元,1室1厅,90,3000,33.333
庆丰新村 2室1厅 4600元,2室1厅,53,4600,86.792
融创河滨之城 3室2厅 6500元,3室2厅,89,6500,73.034
云溪香山 2室1厅 5000元,2室1厅,95.64,5000,52.279
好房  好房  精装        大三房,3室2厅,147,6000,40.816
近阿里巴巴 西溪银泰 精装2房 带地暖 生活便利,2室2厅,88.23,6200,70.271
聚丰公寓 1室0厅 3300元,1室0厅,40,3300,82.5
飞机户型等大三房自住精装修，诚招居家客户！,3室1厅,76,5400,71.053
金地自在城 1室1厅 3300元,1室1厅,48.7,3300,67.762
近西溪银泰 西溪谷 西溪首座 房东自住精装修,3室2厅,89,9000,101.124
聚丰公寓 2室0厅 4600元,2室0厅,60,4600,76.667
梅苑阁小区 3室1厅 5000元,3室1厅,91.14,5000,54.861
中海西溪华府，西溪首座西溪银泰旁，生活便利,2室1厅,88.86,5000,56.268
想要眺望美美的远方吗？生活就在这里,3室1厅,68.2,5500,80.645
精装2房，诚心出租............,2室2厅,89,6000,67.416
万科物业，距离西溪800米，周 边出行方便，大4房,4室2厅,195.64,16000,81.783
春风十里不如你，温暖的家只差一个你,2室1厅,52.5,3900,74.286
西溪蝶园二期 1室1厅 5300元,1室1厅,68.9,5300,76.923
横桥沈合苑 3室2厅 4500元,3室2厅,100,4500,45.0
华门自由21世纪 2室1厅 4000元,2室1厅,51,4000,78.431
乾成园 3室1厅 4500元,3室1厅,79.51,4500,56.597
融创河滨之城 4室2厅 7000元,4室2厅,118,7000,59.322
西溪晴雪 两室 清爽户型拎包入住  温馨舒适,2室1厅,68,4000,58.824
南都德迦西区 3室2厅 12000元,3室2厅,149.68,12000,80.171
古荡新村 清爽两房 家电齐全 随时看房 可议价,2室1厅,53.41,4200,78.637
桃园很清爽的两房装修，希望一家人在入住，看房方便！,2室1厅,61,4500,73.77
西溪蝶园一期  三室  拎包入住,3室2厅,89,6500,73.034
王家弄 3室1厅 5600元,3室1厅,64,5600,87.5
文鼎苑南北通透2居室 精装修拎包入住,2室1厅,87.91,6500,73.939
标题,户型,面积（平方）,房租（元/月）,每平方房租（元）
简装大三房，业主诚心出租，闹中取静,3室2厅,130.5,7000,53.64
富丽苑 3室2厅 5800元,3室2厅,108.73,5800,53.343
龙湖水晶郦城 4室0厅 4500元,4室0厅,89,4500,50.562
黄龙雅苑，一室精装，朝南户型。,1室1厅,38.64,4600,119.048
融创瑷骊山 2室1厅 4800元,2室1厅,89,4800,53.933
内部家具没有，可自带也可和房东谈，适合一家人居住,1室1厅,44.32,3000,67.69
湖畔花园清爽装修，看房方便！！！！1,3室2厅,133.02,6800,51.12
华星路12号 2室1厅 4500元,2室1厅,67.07,4500,67.094
翠苑三区 3室1厅 4000元,3室1厅,67,4000,59.701
康乐新村，业主自住精装修的。一家人居住最为方便。,2室2厅,57.4,4500,78.397
坤和西溪里西溪银泰旁，随时看房，绿城物业，拎包入住,3室1厅,137.21,7000,51.017
简单清爽装修 可注册公司适用于办公 纯边套朝南采光佳,1室1厅,65.01,5800,89.217
自住清爽一居室，房东诚心出租，干净清爽,1室1厅,45,3500,77.778
友谊新村 1室1厅 3400元,1室1厅,42,3400,80.952
黄龙世纪苑 2室2厅 6800元,2室2厅,89,6800,76.404
像风走了八万里，我在这等你入住,2室1厅,48.86,3600,73.68
文一路60号 2室1厅 3900元,2室1厅,50,3900,78.0
绿城丁香公寓 1室1厅 6300元,1室1厅,70.67,6300,89.147
山水人家清水湾 7室2厅 16000元,7室2厅,285,16000,56.14
紫桂花园 5室3厅 17000元,5室3厅,178.34,17000,95.324
融信杭州公馆 3室2厅 8500元,3室2厅,89,8500,95.506
耀江文鼎苑 2室1厅 6800元,2室1厅,87.67,6800,77.564
汇丰公寓 3室1厅 6600元,3室1厅,92,6600,71.739
阿里巴巴文一西路海创园未来科技城万科星空住宅出租！,3室2厅,89,5600,62.921
新世纪花苑6居室 07卧,6室1厅,11.9,1860,156.303
西溪留下 坤和和家园 精装三室套房 诚心出租,3室2厅,130.05,8500,65.359
南都花园二区3居室 01卧,3室1厅,12.9,1790,138.76
大客厅两房，南北通透，你还等什么,2室2厅,65,4800,73.846
华门自由21世纪，两房电梯房，拎包入住。,2室1厅,103.08,6000,58.207
湖畔花园桃花苑 4室2厅 10000元,4室2厅,153,10000,65.359
标题,户型,面积（平方）,房租（元/月）,每平方房租（元）
新安嘉苑 2室1厅 4800元,2室1厅,83,4800,57.831
华远大厦 2室1厅 4500元,2室1厅,87.7,4500,51.311
温馨实用，简单的一个家，简单的生活,2室1厅,59.89,5000,83.486
黄龙雅苑 1室1厅 4600元,1室1厅,45,4600,102.222
装单身公寓，随时看房，可注册办公，可住人,1室0厅,38,3500,92.105
银马公寓精装三房，不沿街，房东诚心出租,3室2厅,168,14000,83.333
低楼层两房户型，诚招居家客户！,2室1厅,65,4500,69.231
西溪路22-97号 2室1厅 5500元,2室1厅,54.41,5500,101.084
望月公寓 3室2厅 5800元,3室2厅,130,5800,44.615
翠苑三区 2室1厅 3500元,2室1厅,59,3500,59.322
古荡新村西区 2室1厅 5000元,2室1厅,63,5000,79.365
毛坯房，仓库，办公最适合！！！,3室1厅,105,3500,33.333
明月公寓自住装修。很温暖的居家三房。,3室2厅,79.57,4800,60.324
新星小区 2室2厅 3800元,2室2厅,75,3800,50.667
嘉绿景苑精装两室干净温馨户型正气南北通透出行方便,2室2厅,95.73,5500,57.453
翠苑五区 3室1厅 5300元,3室1厅,80,5300,66.25
耀江文鼎苑 2室1厅 5700元,2室1厅,89,5700,64.045
虾龙圩地铁口300米西城年华清爽一室！,1室1厅,42.43,3500,82.489
润达花园 2室2厅 4200元,2室2厅,89,4200,47.191
我想给你一个温暖的家 你愿意住进来吗？,3室2厅,96.99,8500,87.638
精装修2房，房东诚心出租，希望找个有缘租客,2室1厅,55.97,4500,80.4
润达花园 2室1厅 4000元,2室1厅,72,4000,55.556
新金都城市花园 4室1厅 7000元,4室1厅,113.92,7000,61.447
高品质的房子，旁边是西溪银泰城.地铁口（在建）,1室1厅,54.98,4500,81.848
金地自在城东苑大四房，地铁口房源，客厅带阳台！,4室2厅,149,8000,53.691
金源公寓 3室1厅 4000元,3室1厅,78,4000,51.282
梧桐燕庐 4室1厅 5800元,4室1厅,120,5800,48.333
西湖区 南北通透 全明户型，家具家电齐全,3室1厅,84,3800,45.238
体育场路557号 1室1厅 3600元,1室1厅,43.12,3600,83.488
新星小区 3室1厅 3500元,3室1厅,67,3500,52.239
标题,户型,面积（平方）,房租（元/月）,每平方房租（元）
业主自住装修两房 中间楼层 采光无限,2室1厅,79.2,5500,69.444
新星小区 2室2厅 2800元,2室2厅,49.92,2800,56.09
新星小区 2室1厅 3500元,2室1厅,63.3,3500,55.292
房东诚心出租，家具家电齐全，交通便利，拎包入住。,3室2厅,115,6600,57.391
康乐新村，业主自住的。一家人居住最为方便。采光好。,3室1厅,82.61,4500,54.473
此小区在文三西路古墩路交叉口，交通方便，,2室1厅,54,4700,87.037
星洲花园单身公寓，一居室，家具家电齐全，拎包入住,1室1厅,57.5,4000,69.565
新德雅公寓大三房，房东诚心出租,3室2厅,133.5,6500,48.689
康乐新村，简单一房出租，看房方便。拎包入住。,1室1厅,40.15,3800,94.645
业主自住精装修，看房方便，房子现代化装修,1室1厅,41.57,3700,89.006
黄龙复地和山房东诚心出租沿西溪路,1室1厅,50,3200,64.0
莫干山路79号 2室1厅 4500元,2室1厅,80,4500,56.25
天阳云筑 3室2厅 5000元,3室2厅,89,5000,56.18
新星小区 2室1厅 3000元,2室1厅,52.6,3000,57.034
龙湖水晶郦城 2室2厅 4000元,2室2厅,89,4000,44.944
三 房 适合                                 一家人,3室2厅,99.8,4800,48.096
中海紫藤苑大3房，仅此一套，空房！空房！,4室1厅,137.13,5500,40.108
中大文锦苑房源出租，房东诚心租,3室2厅,117,10000,85.47
新星小区 3室1厅 3800元,3室1厅,73,3800,52.055
新星小区 2室1厅 3800元,2室1厅,60,3800,63.333
星洲花园一居室，家具家电齐全拎包入住,1室1厅,51,3800,74.51
精装两房，家具家电设施齐全，给你一份温馨的家,2室1厅,75.88,4400,57.986
都市阳光嘉苑 2室1厅 2100元,2室1厅,63,2100,33.333
嘉绿西苑 2室2厅 5000元,2室2厅,89,5000,56.18
留博楼 2室1厅 5200元,2室1厅,73,5200,71.233
一家人看过来。精装好房 大一居室,1室2厅,65,3500,53.846
中海紫藤苑 2室2厅 4700元,2室2厅,89,4700,52.809
爱尚里 3室2厅 4500元,3室2厅,60,4500,75.0
新星3房 适合                             一家人,3室1厅,74.89,3600,48.071
高教新村 3室1厅 4700元,3室1厅,75,4700,62.667
标题,户型,面积（平方）,房租（元/月）,每平方房租（元）
同人精华 1室1厅 10920元,1室1厅,130,10920,84.0
明月公寓自住装修。很温暖的居家三房。,3室1厅,79.57,4900,61.581
同人精华 1室1厅 19000元,1室1厅,233,19000,81.545
愿给在外拼搏的你一个温暖的小家,1室1厅,46.64,4100,87.907
房东诚心出租，家具家电齐全，交通便利，拎包入住。,3室2厅,123,6800,55.285
紫桂花园 经典三房 优质装修 拎包入住,3室2厅,146,8000,54.795
精装两房，南北通透，采光好，家电齐全 .,2室1厅,56.47,4200,74.376
法式联体排屋，客厅挑高，沿河景观，随时看房,6室2厅,397.78,15000,37.709
中海西溪华府，西溪首座西溪银泰旁，生活便利,3室1厅,87.77,5200,59.246
中海定山府 4室1厅 5600元,4室1厅,162.52,5600,34.457
古荡新村西区 2室0厅 2500元,2室0厅,49,2500,51.02
翠苑东二区 3室1厅 5700元,3室1厅,79,5700,72.152
精装自住，看房提前预约。房东诚心。,3室2厅,127.03,8000,62.977
留博楼 2室1厅 5000元,2室1厅,65,5000,76.923
绿城之江1号 2室1厅 6500元,2室1厅,88.53,6500,73.421
宝嘉誉府 3室2厅 4500元,3室2厅,89,4500,50.562
枫丹白露 5室3厅 8000元,5室3厅,203.59,8000,39.295
朗郡庭园 4室2厅 5500元,4室2厅,191.23,5500,28.761
绿城之江1号 3室2厅 4700元,3室2厅,110.74,4700,42.442
翠苑一区 1室1厅 3200元,1室1厅,41,3200,78.049
精装3房，诚心出租............,3室2厅,56,4200,75.0
爱尚里 3室2厅 4200元,3室2厅,55,4200,76.364
嘉里云荷廷 3室2厅 7000元,3室2厅,139.89,7000,50.039
大一房，适合一个人或夫妻情侣居住,1室1厅,50.1,3200,63.872
浙江工业大学之江校区宿舍 2室1厅 3000元,2室1厅,58.86,3000,50.968
云溪香山 5室1厅 6000元,5室1厅,168.07,6000,35.699
链家房源枫华府第精装一居室高楼层采光好,1室1厅,58.32,5500,94.307
上郡 2室1厅 5100元,2室1厅,89.31,5100,57.104
物华小区 3室1厅 5500元,3室1厅,110,5500,50.0
近阿里，大三房出租，来了解一下~,3室1厅,90,7500,83.333
标题,户型,面积（平方）,房租（元/月）,每平方房租（元）
西溪路22-97号 2室1厅 5500元,2室1厅,54.41,5500,101.084
留博楼 2室1厅 5200元,2室1厅,73,5200,71.233
一家人看过来。精装好房 大一居室,1室2厅,65,3500,53.846
中海紫藤苑大3房，仅此一套，空房！空房！,4室1厅,137.13,5500,40.108
金地自在城东苑大四房，地铁口房源，客厅带阳台！,4室2厅,149,8000,53.691
金源公寓 3室1厅 4000元,3室1厅,78,4000,51.282
体育场路557号 1室1厅 3600元,1室1厅,43.12,3600,83.488
业主自住装修两房 中间楼层 采光无限,2室1厅,79.2,5500,69.444
莫干山路79号 2室1厅 4500元,2室1厅,80,4500,56.25
精装两房，南北通透，采光好，家电齐全 .,2室1厅,56.47,4200,74.376
三 房 适合                                 一家人,3室2厅,99.8,4800,48.096
中海紫藤苑 2室2厅 4700元,2室2厅,89,4700,52.809
爱尚里 3室2厅 4500元,3室2厅,60,4500,75.0
新星3房 适合                             一家人,3室1厅,74.89,3600,48.071
愿给在外拼搏的你一个温暖的小家,1室1厅,46.64,4100,87.907
确认过眼神 遇见对的人 九莲自住两房静待有缘人,2室2厅,56.78,4100,72.209
西荡苑两室出租，中等装修！！！,3室1厅,87.3,5000,57.274
三墩颐景园大户型，户型好的 比较方正 小区配套成熟,3室2厅,126,5600,44.444
龙湖水晶郦城 4室1厅 5800元,4室1厅,119,5800,48.739
梧桐公寓 1室1厅 6800元,1室1厅,62,6800,109.677
户型方正，装修精致，楼层好有阁楼,4室2厅,141.39,9500,67.19
兰桂珍贵别墅出租，户型正气有档次！,4室2厅,229,22000,96.07
金地自在城 1室1厅 3100元,1室1厅,44,3100,70.455
文苑小区 3室2厅 5300元,3室2厅,82,5300,64.634
金都城市芯宇 2室1厅 7000元,2室1厅,89,7000,78.652
宁波大厦稀有115平写字楼，房东诚心出租,2室1厅,115,8000,69.565
银马公寓 2室1厅 6500元,2室1厅,89,6500,73.034
西湖景区房，清爽两室，拎包入住,2室1厅,63.85,5200,81.441
干净清爽，大三房，适合陪读或附，近上班族,3室1厅,92.23,5200,56.381
今日嘉园，简单两房，给纷扰的生活一份简单,2室2厅,108,6000,55.556
标题,户型,面积（平方）,房租（元/月）,每平方房租（元）
华远大厦，户型方正，两室朝南，南北通风,2室2厅,85,4500,52.941
精品装修，诚心出租，为您提供美好的住宿环境,1室1厅,66.14,6500,98.276
翠苑五区精装房拎包入住 ，好房子不贵等你来住,2室2厅,78.41,4600,58.666
雨天，晴天，最美的适合你在一起的那天！杭州公馆等你,1室1厅,59.02,6000,101.66
筑品金座 1室1厅 5800元,1室1厅,47,5800,123.404
精装全配温馨一室，喧嚣的城市中属于自己的那一片宁静,2室1厅,54.95,5100,92.812
桃源春居 2室2厅 4500元,2室2厅,67.04,4500,67.124
春天花园 近文新地铁站 4室2卫诚心出租,4室2厅,171,9000,52.632
梧桐公寓 1室1厅 7200元,1室1厅,85,7200,84.706
耀江文鼎苑 3室1厅 8000元,3室1厅,145.11,8000,55.131
内部家具家电配置基本齐全，适合一家人居住,3室1厅,74.5,6000,80.537
楼层采光充足，视野开阔，南北通透，全明户型,2室2厅,114,5500,48.246
窗明几净楼上楼， 只为倾君（卿）心。,1室1厅,66.14,6500,98.276
最美不是下雨天，是和你一起躲过的屋檐,4室2厅,137.17,7800,56.864
翠苑五区 2室1厅 4700元,2室1厅,70,4700,67.143
嘉南公寓新上电梯房，小三房 看房有钥匙,2室2厅,92.64,5500,59.37
单身公寓，干净整洁卫生，蚂蚁金服优质的好房,1室1厅,46.8,5600,119.658
环境好采光充足 配套齐全 诚心出租,2室2厅,79.44,5000,62.941
办公装修出租，公寓，可以办公，,3室3厅,140,14500,103.571
十里春风不如你，你离温暖差一个家,2室1厅,89,4600,51.685
精装三房，干净清爽，家具家电设施齐全，拎包入住。,3室2厅,89,8000,89.888
梧桐燕庐 2室1厅 4200元,2室1厅,88.93,4200,47.228
金都城市芯宇，精装loft两房，看房方便，诚心出租,2室1厅,89,6800,76.404
浙江工业大学之江校区宿舍 2室1厅 3000元,2室1厅,58.86,3000,50.968
云溪香山 5室1厅 6000元,5室1厅,168.07,6000,35.699
链家房源枫华府第精装一居室高楼层采光好,1室1厅,58.32,5500,94.307
金厦公寓 4室2厅 10000元,4室2厅,221.3,10000,45.188
朗郡庭园 4室2厅 5500元,4室2厅,191.23,5500,28.761
绿城之江1号 3室2厅 4700元,3室2厅,110.74,4700,42.442
干净清爽优选房，地铁房，生活便利房。,2室1厅,50.72,4500,88.722
标题,户型,面积（平方）,房租（元/月）,每平方房租（元）
中海定山府 3室2厅 5000元,3室2厅,89,5000,56.18
星洲花园格兰馨庐精装电梯房，四房两厅三卫。,4室2厅,218,15000,68.807
茶市新村 户型方正三室 家电全新 拎包入住 南北通透,3室1厅,75,3400,45.333
怡泰大厦 1室1厅 9000元,1室1厅,125,9000,72.0
西溪路22-97号 2室1厅 4600元,2室1厅,82,4600,56.098
三墩颐景园大户型，户型好的 比较方正 小区配套成熟,3室2厅,122.89,5800,47.197
庆丰新村 2室1厅 5400元,2室1厅,60,5400,90.0
广宇西城美墅 3室2厅 7700元,3室2厅,118,7700,65.254
西溪蝶园大两房，西溪银泰旁，万科物业，看房方便,2室2厅,89,6000,67.416
西溪蝶园二期 1室1厅 5600元,1室1厅,69,5600,81.159
喧嚣的城市中，享受那一份独有的安静，随时看房！！！,2室2厅,71.57,5200,72.656
世纪新城东区温馨家居，配套齐全，拎包入住,1室1厅,42,3700,88.095
建工新村 2室1厅 4000元,2室1厅,60,4000,66.667
瑞祺大厦一室一卫公寓诚心出租！,1室1厅,42.06,3100,73.704
星洲花园两居室，家具家电齐全拎包入住,2室1厅,49.91,4800,96.173
文菁花苑 三室精装好房 期待您的入住,3室2厅,138.57,7500,54.124
翠苑五区精装两房全明户型诚心出租,2室1厅,71.27,4500,63.14
复地黄龙和山 2室2厅 4500元,2室2厅,50,4500,90.0
链家房源 世贸丽晶城 中低楼层 交通便捷,1室1厅,56.29,7200,127.909
世纪新城东区 3室2厅 8000元,3室2厅,138,8000,57.971
紫金文苑 4室2厅 8800元,4室2厅,135,8800,65.185
中国风暖色系两房，带个小书房，黄 金楼层,2室2厅,133,7000,52.632
房东诚心租的，中间楼层 ，小区环境优美,3室1厅,57.35,4700,81.953
复地黄龙和山 2室1厅 4200元,2室1厅,90,4200,46.667
文三街50米大两房，专为你家孩子设计,2室1厅,58.96,4300,72.931
春风十里不如你，温暖的家只差一个你,2室0厅,43,3600,83.721
雅戈尔御西湖 3室2厅 14000元,3室2厅,136,14000,102.941
翠苑佳居 3室2厅 5800元,3室2厅,87.8,5800,66.059
西溪路517号 2室1厅 4300元,2室1厅,69.58,4300,61.799
坤和和家园二居室清爽精装，拎包入住.南北通透。,2室1厅,88.65,4300,48.505
标题,户型,面积（平方）,房租（元/月）,每平方房租（元）
庆丰新村 2室1厅 5000元,2室1厅,69.97,5000,71.459
耀江文鼎苑 1室1厅 4000元,1室1厅,61,4000,65.574
同人精华 1室1厅 3300元,1室1厅,33,3300,100.0
多雨之秋，最美不过我们一起躲雨的屋檐，,2室0厅,45,4500,100.0
最美的不是下雨天 是曾与你躲过雨的屋檐,2室1厅,60,4300,71.667
金地自在城44方精致温馨小屋，满两年，开发商精装修,1室1厅,44.36,3000,67.628
政苑小区 3室2厅 5300元,3室2厅,103,5300,51.456
精装三房，坐北朝南，家具家电齐全 小区介绍,3室1厅,89,4500,50.562
精装三房，坐北朝南，家具家电齐全 小区介绍,3室2厅,89,4500,50.562
都市阳光小两房，价格低不租就没了啊。。。,2室1厅,62,2000,32.258
精装三房，坐北朝南，家具家电齐全 小区介绍,3室1厅,89,4500,50.562
创美华彩国际 4室0厅 5500元,4室0厅,456,5500,12.061
同人精华大面积办公房   空置精装,1室0厅,53,10000,188.679
同人精华 1室0厅 3300元,1室0厅,31,3300,106.452
绿城物业 近银泰城 可拎包入住,3室2厅,89,5500,61.798
雅仕苑 3室2厅 8800元,3室2厅,130,8800,67.692
龙湖水晶郦城 2室2厅 4000元,2室2厅,89,4000,44.944
梧桐燕庐 4室1厅 5800元,4室1厅,120,5800,48.333
同人精华 1室1厅 19000元,1室1厅,233,19000,81.545
新星小区 2室2厅 2800元,2室2厅,49.92,2800,56.09
房东诚心出租，家具家电齐全，交通便利，拎包入住。,3室2厅,123,6800,55.285
新星小区 2室1厅 3800元,2室1厅,60,3800,63.333
星洲花园单身公寓，一居室，家具家电齐全，拎包入住,1室1厅,57.5,4000,69.565
新德雅公寓大三房，房东诚心出租,3室2厅,133.5,6500,48.689
精装两房，家具家电设施齐全，给你一份温馨的家,2室1厅,75.88,4400,57.986
星洲花园一居室，家具家电齐全拎包入住,1室1厅,51,3800,74.51
紫桂花园 经典三房 优质装修 拎包入住,3室2厅,146,8000,54.795
此小区在文三西路古墩路交叉口，交通方便，,2室1厅,54,4700,87.037
法式联体排屋，客厅挑高，沿河景观，随时看房,6室2厅,397.78,15000,37.709
世贸丽晶城欧美中心 1室1厅 6800元,1室1厅,57,6800,119.298
标题,户型,面积（平方）,房租（元/月）,每平方房租（元）
西溪蝶园二期 1室1厅 5600元,1室1厅,69,5600,81.159
喧嚣的城市中，享受那一份独有的安静，随时看房！！！,2室2厅,71.57,5200,72.656
世纪新城东区温馨家居，配套齐全，拎包入住,1室1厅,42,3700,88.095
建工新村 2室1厅 4000元,2室1厅,60,4000,66.667
瑞祺大厦一室一卫公寓诚心出租！,1室1厅,42.06,3100,73.704
文三西路156号 4室1厅 5500元,4室1厅,98,5500,56.122
云溪香山 4室1厅 4500元,4室1厅,137.43,4500,32.744
曙光路123号 3室1厅 6000元,3室1厅,70,6000,85.714
耀江文鼎苑 3室1厅 9000元,3室1厅,142.97,9000,62.95
紫桂花园 3室2厅 8500元,3室2厅,147.87,8500,57.483
宝石二路6号 2室1厅 4800元,2室1厅,60,4800,80.0
嘉绿名苑 3室1厅 7500元,3室1厅,120,7500,62.5
中海定山府 3室2厅 4000元,3室2厅,88,4000,45.455
嘉绿景苑3房改4房，业主诚心出租，价格优惠。,3室1厅,130,6800,52.308
庆丰新村 2室1厅 4200元,2室1厅,50,4200,84.0
下宁巷 两房朝南 诚心出租 近学军,2室0厅,42.5,3600,84.706
翠苑五区 3室1厅 5600元,3室1厅,80,5600,70.0
西鉴枫景 4室1厅 12000元,4室1厅,159,12000,75.472
万科星空 4室2厅 7500元,4室2厅,126,7500,59.524
城北商贸园 2室1厅 3700元,2室1厅,69.59,3700,53.169
嘉绿文苑 2室1厅 5000元,2室1厅,77.78,5000,64.284
星洲花园白沙佛庭精装排屋，品质生活,4室2厅,182,13500,74.176
短租神房 拎包入住 温暖的家只差一个你,3室1厅,71.99,5000,69.454
西溪锋尚苑 2室1厅 4500元,2室1厅,54.92,4500,81.937
南都花园别墅百万精装带车位出租！,5室2厅,179.02,16000,89.375
上郡 2室1厅 5200元,2室1厅,75,5200,69.333
坤和和家园 2室1厅 拎包入住朝阳南北通透交通便利,2室1厅,89,4300,48.315
聚丰公寓 1室1厅 4300元,1室1厅,35,4300,122.857
世贸丽晶城 1室1厅 5500元,1室1厅,55,5500,100.0
翠苑四区 2室1厅 4000元,2室1厅,56,4000,71.429
标题,户型,面积（平方）,房租（元/月）,每平方房租（元）
确认过眼神 遇见对的人 九莲清爽单间静待有缘人,1室0厅,16,2200,137.5
西苑小区 3室1厅 6000元,3室1厅,90,6000,66.667
庆丰新村 2室1厅 4800元,2室1厅,65,4800,73.846
乾成园 3室1厅 3500元,3室1厅,62.49,3500,56.009
南都德迦西区 4室1厅 8000元,4室1厅,143.64,8000,55.695
小区中间位置，安静温馨，向外眺望小和山,3室2厅,149,7800,52.349
紧挨博库书城，房东诚心出租，全新空调，地板已翻新,2室1厅,51.5,4300,83.495
文萃苑底商出租，地段佳，坐享黄龙银泰两大主流商圈,2室2厅,217,25000,115.207
西溪河东，两房朝南，拎包入住。,2室2厅,77.67,5700,73.387
山水人家清水湾 7室2厅 16000元,7室2厅,285,16000,56.14
紫桂花园 5室3厅 17000元,5室3厅,178.34,17000,95.324
融信杭州公馆 3室2厅 8500元,3室2厅,89,8500,95.506
耀江文鼎苑 2室1厅 6800元,2室1厅,87.67,6800,77.564
汇丰公寓 3室1厅 6600元,3室1厅,92,6600,71.739
阿里巴巴文一西路海创园未来科技城万科星空住宅出租！,3室2厅,89,5600,62.921
新世纪花苑6居室 07卧,6室1厅,11.9,1860,156.303
师苑新村 3室1厅 5000元,3室1厅,77.97,5000,64.127
融信杭州公馆 3室2厅 8500元,3室2厅,110,8500,77.273
黄龙雅苑 3室2厅 13900元,3室2厅,140,13900,99.286
西溪诚园 精装交付 空置 需要自配软装,2室1厅,138,9500,68.841
文三路54号沈塘桥地铁口大两室文三路马塍路路口,2室1厅,61.68,3900,63.23
西溪十九府 4室2厅 5000元,4室2厅,222.87,5000,22.435
龙湖水晶郦城 3室2厅 5500元,3室2厅,89,5500,61.798
西溪留下 坤和和家园 精装三室套房 诚心出租,3室2厅,130.05,8500,65.359
南都花园二区3居室 01卧,3室1厅,12.9,1790,138.76
大客厅两房，南北通透，你还等什么,2室2厅,65,4800,73.846
华门自由21世纪，两房电梯房，拎包入住。,2室1厅,103.08,6000,58.207
湖畔花园桃花苑 4室2厅 10000元,4室2厅,153,10000,65.359
城北商贸园 2室1厅 3800元,2室1厅,75,3800,50.667
精装公寓，诚心出租............,1室1厅,44,2800,63.636
标题,户型,面积（平方）,房租（元/月）,每平方房租（元）
融创河滨之城 西溪银泰旁 家电齐全 拎包入住,3室2厅,89,6300,70.787
坤和西溪里西溪银泰旁，随时看房，绿城物业，拎包入住,2室1厅,86.51,5500,63.576
冬天快到了，这里有个温暖的港湾供你停泊,3室1厅,60.3,4600,76.285
云溪香山 3室1厅 6000元,3室1厅,136.64,6000,43.911
链家房源 世贸丽晶城公寓 中高楼层 交通便捷,1室1厅,53.73,6500,120.975
紫桂花园 3室2厅 8000元,3室2厅,130,8000,61.538
西荡苑桃苑3居室 01卧,3室1厅,11.6,1990,171.552
今日嘉园 1室1厅 4500元,1室1厅,51,4500,88.235
南都花园二区3居室 03卧,3室1厅,11.7,1890,161.538
丰盛九玺 1室1厅 2500元,1室1厅,50,2500,50.0
赞成岭上花苑 5室1厅 7500元,5室1厅,229.07,7500,32.741
庆丰新村 1室1厅 3000元,1室1厅,45,3000,66.667
古荡新村西区 3室1厅 4700元,3室1厅,74.52,4700,63.07
西荡苑梨苑 3室1厅 6300元,3室1厅,90,6300,70.0
中海定山府 2室2厅 4300元,2室2厅,89,4300,48.315
天目山路3号 3室1厅 6800元,3室1厅,89,6800,76.404
兰庭国际清爽一房，给您一个温馨的小窝,1室1厅,46.87,5200,110.945
同人精华 1室1厅 4000元,1室1厅,51.09,4000,78.293
地铁边，行知旁，清爽两房，陪读的家长看过来。,2室1厅,62.99,4200,66.677
学院路59号 2室1厅 4300元,2室1厅,65,4300,66.154
像风走了八万里，我在这等你入住,3室1厅,74.87,4700,62.775
金地自在城乐活湾小两房，跃层，随时入住，随时看房!,2室1厅,79.39,4200,52.903
文亭公寓，自住小两房，精装修，让心有处可依,2室1厅,54,4600,85.185
之江富城 2室1厅 3500元,2室1厅,56.4,3500,62.057
华星路，支付宝自住三房，南北通透，生活舒适，自住,3室1厅,81,6200,76.543
总有一处空间让人忘性的舒展自己~,3室1厅,72.06,4600,63.836
融创瑷骊山 2室1厅 4500元,2室1厅,79.6,4500,56.533
古荡新村西区两室，价格实惠....,2室0厅,36.37,3200,87.985
浙江工业大学之江校区宿舍 2室1厅 3000元,2室1厅,60,3000,50.0
求是里精装大三室，看房方便，户型方正,3室2厅,125,6000,48.0
标题,户型,面积（平方）,房租（元/月）,每平方房租（元）
莫干山路361号 2室1厅 3900元,2室1厅,76,3900,51.316
万科坤和玉泉，开发商精装房东房东诚心出租,2室2厅,67.95,5000,73.584
坤和和家园 2室1厅 拎包入住朝阳南北通透交通便利,2室1厅,88.45,3900,44.093
采光明亮，阳台开了门出去迎面风吹还是很舒服的,2室1厅,87.55,2800,31.982
阿里巴巴文一西路海创园未来科技城万科星空住宅出租！,3室2厅,110,6300,57.273
超大面积，三房两卫，户型好，精装修的你还在等什么？,3室2厅,111.6,5500,49.283
西荡苑梨苑 3室2厅 5500元,3室2厅,91.45,5500,60.142
文三新村 3室1厅 5200元,3室1厅,75,5200,69.333
和家园精装修大五房，景观房，视野开阔,5室3厅,371,15000,40.431
和家园优质房源，一家人自住好选择,2室1厅,88.63,4000,45.131
西溪河东  两室一厅 拎包入住。,2室2厅,76.11,5300,69.636
坤和和家园大4房，开发商大精装，全屋中.央空调带地暖,4室2厅,185,9000,48.649
耀江文鼎苑 3室2厅 9500元,3室2厅,134.4,9500,70.685
武林门新村 3室0厅 5000元,3室0厅,52,5000,96.154
城北商贸园 4室2厅 8000元,4室2厅,217,8000,36.866
文二路46号精装修，高楼层，采光好，拎包可入住！,2室2厅,63,4600,73.016
高品质的房子，旁边是西溪银泰城.地铁口（在建）,4室3厅,170,18000,105.882
绿城物业 近银泰城 可拎包入住,3室2厅,88.83,5000,56.287
西溪蝶园一期，精装修，195平，四室两厅一厨三卫,4室2厅,195.43,16700,85.453
西湖边，浙大旁，得天独厚的宝石山和西湖让生活更舒适,2室1厅,45,4200,93.333
沈塘桥地铁站精致两房，在这里召唤你,2室1厅,58,4300,74.138
金色蓝庭大户三房，户型正气，全明通透，房间敞亮,3室2厅,151.74,9100,59.971
和家园两室朝南拎包入住 户型方正南北通透清爽干净,2室1厅,88,4000,45.455
桂花城好房出租 楼层好 房东诚心出租,3室2厅,129.08,10500,81.345
此房是曙光经典户型，南北通透，采光特好,2室1厅,48.25,4200,87.047
西湖区坤和和家园！壕装大排屋！,6室2厅,271.97,37500,137.883
绿洲湾 2室2厅 5500元,2室2厅,94,5500,58.511
融创河滨之城 3室2厅 8000元,3室2厅,89,8000,89.888
文二新村 标准三室 南北通透 拎包入住,3室1厅,60.19,4500,74.763
初次出租，精致装修带地暖，选择这套房不会后悔！,3室2厅,140,9000,64.286
标题,户型,面积（平方）,房租（元/月）,每平方房租（元）
高大上写字楼！带电梯，可办公可注册公司！,3室2厅,123.72,10000,80.828
高品质的房子，旁边是西溪银泰城.地铁口（在建）,4室2厅,210,20000,95.238
保俶路 2室1厅 4600元,2室1厅,62.5,4600,73.6
世贸丽晶城 2室2厅 8600元,2室2厅,98,8600,87.755
钱江之江新天地 1室1厅 2500元,1室1厅,37,2500,67.568
云溪香山 3室1厅 4200元,3室1厅,96,4200,43.75
友谊新村 2室1厅 4600元,2室1厅,59.2,4600,77.703
链家房源枫华府第精装一居室高楼层采光好,1室0厅,48.3,4500,93.168
万科星空 3室2厅 5800元,3室2厅,89,5800,65.169
万科坤和玉泉，开发商精装房东房东诚心出租,2室1厅,70.7,4500,63.649
文三新村新上两房，机会难得，房东诚心出租,2室1厅,59.72,4500,75.352
融创河滨之城 3室2厅 5300元,3室2厅,89,5300,59.551
中海西溪华府，87平，三室一厅一厨一卫，5500元/月,3室1厅,87,5500,63.218
金都城市芯宇loft双层公寓，满足你的阁楼情缘。,1室1厅,67,7000,104.478
湖畔花园风荷苑 5室2厅 7800元,5室2厅,158.11,7800,49.333
南都花园三区 2室1厅 4000元,2室1厅,56.61,4000,70.659
都市阳光和苑 2室1厅 3000元,2室1厅,61,3000,49.18
保俶北路82号 1室1厅 3000元,1室1厅,37,3000,81.081
雨天，晴天，最美的适合你在一起的那天！古荡等你,2室1厅,56,4200,75.0
云溪香山 2室2厅 4000元,2室2厅,95.64,4000,41.824
朗郡庭园 4室2厅 5000元,4室2厅,155.78,5000,32.097
整租  曙光新村 黄龙体育馆  精装修两房 看房有钥匙,2室1厅,52.8,7500,142.045
翠苑一区 2室1厅 3600元,2室1厅,50,3600,72.0
安乐新村 2室2厅 3500元,2室2厅,89,3500,39.326
金都城市芯宇 2室2厅 7800元,2室2厅,100,7800,78.0
高教新村 3室2厅 5000元,3室2厅,76,5000,65.789
万科西溪蝶园精装修1室，靠 近中节能首座，,1室1厅,53.6,4200,78.358
北二区新上好房，价格美丽，户型美丽、,2室1厅,62,4000,64.516
【房源标题】：南北通透 清爽装修 业主诚心出租,2室1厅,52.44,3800,72.464
黄龙体育场500米内，性价超高的两房。,2室1厅,59.94,4000,66.733
标题,户型,面积（平方）,房租（元/月）,每平方房租（元）
坤和和家园 2室1厅 拎包入住朝阳南北通透交通便利,2室1厅,89,4300,48.315
西溪蝶园二期 3室2厅 13000元,3室2厅,170.57,13000,76.215
曙光路139号 2室2厅 5500元,2室2厅,65.91,5500,83.447
星洲花园精装排屋，大户型，诚心出租,4室2厅,162,11500,70.988
西溪蝶园一期，西溪银泰旁，万科物业，拎包入住,4室1厅,191.21,14500,75.833
西溪锋尚苑 1室1厅 4500元,1室1厅,77,4500,58.442
恩济花苑 3室2厅 6300元,3室2厅,132.8,6300,47.44
世纪新城西区 3室2厅 9000元,3室2厅,138,9000,65.217
都市阳光嘉苑 2室1厅 3000元,2室1厅,61,3000,49.18
精装修，有品质的好房子，短租半年亦可！,2室1厅,65.32,5000,76.546
最美不过下雨天  和你一起躲雨的屋檐,3室2厅,123.37,7800,63.224
康乐新村 2室1厅 5000元,2室1厅,77.9,5000,64.185
启真名苑 2室2厅 8000元,2室2厅,98,8000,81.633
西城年华精装大四房，房东诚心出租,4室2厅,157,8500,54.14
曙光路139号 2室1厅 7500元,2室1厅,75,7500,100.0
金田花园 3室1厅 6000元,3室1厅,93,6000,64.516
河滨精装房源 近学军中 学 阿里巴巴 浙大 西溪银泰,3室2厅,87.88,6500,73.964
融创瑷骊山 1室1厅 3800元,1室1厅,48.24,3800,78.773
朗郡庭园 3室1厅 5300元,3室1厅,89,5300,59.551
建工新村 1室1厅 3500元,1室1厅,38.2,3500,91.623
西溪锋尚苑 2室1厅 4500元,2室1厅,54.92,4500,81.937
南都花园别墅百万精装带车位出租！,5室2厅,179.02,16000,89.375
上郡 2室1厅 5200元,2室1厅,75,5200,69.333
世贸丽晶城 1室1厅 6000元,1室1厅,43,6000,139.535
新上府新 房东诚心出租 中间楼层,3室2厅,82.63,6000,72.613
耀江文鼎苑 3室2厅 9500元,3室2厅,142,9500,66.901
聚丰公寓 1室1厅 4300元,1室1厅,35,4300,122.857
世贸丽晶城 1室1厅 5500元,1室1厅,55,5500,100.0
翠苑四区 2室1厅 4000元,2室1厅,56,4000,71.429
空间宽敞，采光好，户型方正，适合一家人,3室2厅,126,5800,46.032
标题,户型,面积（平方）,房租（元/月）,每平方房租（元）
润达花园 3室1厅 5000元,3室1厅,125,5000,40.0
阳光地带新出好房 房东诚心出租 户型正,3室2厅,138,7000,50.725
金都城市芯宇 2室2厅 7000元,2室2厅,100,7000,70.0
安乐新村 2室2厅 3500元,2室2厅,89,3500,39.326
金都城市芯宇 2室2厅 7800元,2室2厅,100,7800,78.0
高教新村 3室2厅 5000元,3室2厅,76,5000,65.789
万科西溪蝶园精装修1室，靠 近中节能首座，,1室1厅,53.6,4200,78.358
北二区新上好房，价格美丽，户型美丽、,2室1厅,62,4000,64.516
【房源标题】：南北通透 清爽装修 业主诚心出租,2室1厅,52.44,3800,72.464
黄龙体育场500米内，性价超高的两房。,2室1厅,59.94,4000,66.733
翠苑二区 2室1厅 4000元,2室1厅,53,4000,75.472
翠苑三区 一楼超大院子 采光足足的 期待您的入住,2室1厅,50.36,4300,85.385
世贸丽晶城欧美中心 1室1厅 6800元,1室1厅,57,6800,119.298
桂花城新上好房房东诚心装修清爽楼层采光都很好,2室2厅,90,5200,57.778
物华小区 3室2厅 5900元,3室2厅,135.24,5900,43.626
翠苑二区2室2厅，配套齐全，期待您的入住,2室1厅,58.68,4100,69.87
精装三房户型，南北通透，采光好，家电齐全,3室2厅,89,7200,80.899
清爽                                   三 房,3室2厅,92.24,4800,52.038
望月公寓 3室1厅 5300元,3室1厅,108,5300,49.074
生活为了品质，租房是为了更好的生活,2室1厅,49.33,4200,85.141
高教新村  三室诚心出租，近文新地铁站。,3室2厅,93,5500,59.14
中海定山府 3室1厅 3500元,3室1厅,86,3500,40.698
庆丰公寓 2室1厅 5000元,2室1厅,80,5000,62.5
世贸丽晶城 2室1厅 6800元,2室1厅,86,6800,79.07
黄龙世纪苑 1室1厅 4500元,1室1厅,55,4500,81.818
政苑小区 2室2厅 5300元,2室2厅,86,5300,61.628
马塍路33号，近地铁、东部软件园，一家人、合租的优选,3室1厅,75.26,5500,73.08
中海定山府 3室1厅 3500元,3室1厅,86,3500,40.698
西溪诚园守纯苑 4室2厅 30000元,4室2厅,286,30000,104.895
华远大厦 3室1厅 6300元,3室1厅,80,6300,78.75
标题,户型,面积（平方）,房租（元/月）,每平方房租（元）
华元天鹅堡 1室1厅 4700元,1室1厅,58,4700,81.034
都市阳光和苑 2室1厅 2800元,2室1厅,70,2800,40.0
近阿里，大三房出租，来了解一下~,3室1厅,89,5500,61.798
确认过眼神 遇见对的人 九莲自住精装2房静待有缘人,2室1厅,56,4500,80.357
万科坤和玉泉精装叠排上叠房，户型方正,3室2厅,138,9500,68.841
采光够好，视野广阔，交通便利，适合居住,3室2厅,103.7,7000,67.502
望月公寓 3室1厅 5300元,3室1厅,108,5300,49.074
万科西庐  万科物业  自住家具家电   拎包入住,3室2厅,89.09,6600,74.082
南北通透 清爽两房 业主诚心出租,2室1厅,75.07,3400,45.291
兰庭国际 3室1厅 10000元,3室1厅,120,10000,83.333
精装修 阳光充足 交通便利 大落地窗,1室1厅,69.96,5800,82.905
融创瑷骊山 2室1厅 2600元,2室1厅,81,2600,32.099
loft三室  采光充足 南北通透 拎包入住 装修简约实木,3室1厅,64.54,4500,69.724
十里春风不如你你离温暖差一个家,3室1厅,93.63,6400,68.354
支付宝大厦边上   .... 精简装修,3室2厅,72.16,5000,69.29
云溪印象 1室1厅 3000元,1室1厅,45,3000,66.667
日晖新村中等楼层，装修清爽室内已清空，家具家电可配,2室1厅,48.32,3600,74.503
桂花城新上好房房东诚心装修清爽楼层采光都很好,4室2厅,176.29,9500,53.888
汇丰公寓 1室1厅 4200元,1室1厅,50,4200,84.0
杭大新村 1室1厅 4200元,1室1厅,50,4200,84.0
世贸丽晶城 3室1厅 9000元,3室1厅,110,9000,81.818
黄龙世纪苑 1室0厅 4800元,1室0厅,55,4800,87.273
金田花园两房中间楼层，简装，看房方便,2室1厅,69.43,4200,60.493
朗郡庭园 2室1厅 3200元,2室1厅,86,3200,37.209
融创河滨之城 4室1厅 3500元,4室1厅,119,3500,29.412
曙光精装两房，双卧室朝南，采光充足,2室1厅,42.59,5500,129.138
曙光路123号 2室1厅 4500元,2室1厅,53,4500,84.906
中海西溪华府 3室2厅 4800元,3室2厅,89.99,4800,53.339
西溪十九府 5室2厅 8000元,5室2厅,266,8000,30.075
最美的不是下雨天，是和你一起躲过雨的屋檐~,3室1厅,66.52,4800,72.159
标题,户型,面积（平方）,房租（元/月）,每平方房租（元）
金地自在城 3室2厅 4800元,3室2厅,89,4800,53.933
嘉华公寓 6室2厅 5000元,6室2厅,130,5000,38.462
信鸿花园南区 3室1厅 2600元,3室1厅,50,2600,52.0
黄龙雅苑 1室1厅 6500元,1室1厅,62.5,6500,104.0
汇丰公寓 2室2厅 6000元,2室2厅,85,6000,70.588
曙光新村 2室1厅 4500元,2室1厅,65,4500,69.231
黄龙雅苑 1室1厅 4500元,1室1厅,45,4500,100.0
精装单身公寓，随时看房，随时拎包入住，也可注册办公,1室2厅,78.83,6500,82.456
自住精装一居室，房东诚心出租，干净清爽,1室1厅,51,4500,88.235
好三房   适合                          一家人,3室1厅,86.85,4800,55.268
泊林漫谷 3室2厅 4000元,3室2厅,141,4000,28.369
赞成岭上花苑 3室2厅 4800元,3室2厅,89,4800,53.933
文二新村 2室1厅 4300元,2室1厅,46.06,4300,93.356
精装三房户型，南北通透，采光好，家电齐全,3室2厅,89,7500,84.27
文三路103号新上两房，短租半年。。价格可谈。。。,2室1厅,59,3200,54.237
西湖边，精装修，阳光好，无遮挡，拎包入住,2室1厅,71.2,5300,74.438
裕华大厦 2室1厅 3500元,2室1厅,83,3500,42.169
嘉绿南苑 3室2厅 6000元,3室2厅,119,6000,50.42
装修温馨 舒适标准两室一厅 还带大院子 家具全齐，急,2室1厅,52.3,5000,95.602
翠苑三区 1室1厅 3500元,1室1厅,52,3500,67.308
北二区新上两房，干净清爽，价格实在,3室1厅,62.42,4100,65.684
链家房源 世贸丽晶城 中低楼层 交通便捷,1室1厅,42.35,4500,106.257
启真名苑 3室2厅 10000元,3室2厅,140,10000,71.429
最美不是下雨天，是和你一起躲过的屋檐,3室2厅,94,5800,61.702
汇丰公寓 1室1厅 4500元,1室1厅,60,4500,75.0
中豪晴园 3室1厅 8500元,3室1厅,140,8500,60.714
黄姑山路22号 1室1厅 3900元,1室1厅,52,3900,75.0
融创河滨之城 3室2厅 7200元,3室2厅,89,7200,80.899
王家弄 2室1厅 4500元,2室1厅,62,4500,72.581
万科坤和玉泉精装两房，户型方正,2室1厅,67.95,4500,66.225
标题,户型,面积（平方）,房租（元/月）,每平方房租（元）
绿城物业 近银泰城 可拎包入住,3室2厅,89,5500,61.798
学军十三中三房 南北通透  装修清爽  交通便利,3室1厅,71.85,5500,76.548
翠苑四区两室好房 十里春风不如你，你离温暖差一个家,2室1厅,72.16,4500,62.361
近2号线学院路站 小两居 清爽装修 可拎包入住,2室1厅,41.33,3800,91.943
金祝新村 西湖边保俶路 保小 省府 黄龙 嘉华世贸,3室1厅,69.6,6000,86.207
自住精装修，现在还在自住，随时搬走，现在拿出来出租,1室1厅,50.3,2600,51.69
单身公寓，干净整洁卫生，蚂蚁金服优质的好房,1室1厅,46.6,5600,120.172
博库书城旁边好房出租，每天都能沐浴在知识的海洋里,3室1厅,71.93,6000,83.414
西荡苑梨苑 3室1厅 5700元,3室1厅,92,5700,61.957
最美的不是下雨天 是曾与你躲过雨的屋檐,2室1厅,47.9,4500,93.946
古荡 清爽两房 拎包入住 生活便利 出行方便 环境好,2室1厅,48.61,3700,76.116
文二新村清爽两室 一南一北 拎包入住,2室1厅,44.8,4300,95.982
精装3房，诚心出租.............,3室1厅,89,4700,52.809
武林花园 2室1厅 4600元,2室1厅,65.62,4600,70.101
府新花园东区 2室1厅 5400元,2室1厅,83,5400,65.06
金地自在城东苑3房，地铁口800米，婚房配置！,3室2厅,89,5000,56.18
都市阳光乐苑 2室1厅 2000元,2室1厅,62.57,2000,31.964
同人精华 1室1厅 6000元,1室1厅,51.07,6000,117.486
翠苑五区精装房拎包入住 ，好房子不贵等你来住,2室1厅,53.78,4500,83.674
浙大紫金港房东自住装修带地暖可长租位置好沿河边！,3室1厅,134,10000,74.627
不思量，自难忘，求是村清爽三房,3室1厅,59.12,5600,94.723
文三新村新上两房，机会难得，房东诚心出租,2室1厅,56,4500,80.357
佳兆业玖珑山 3室2厅 2800元,3室2厅,88.96,2800,31.475
大3房，房东自住装修，南北阳台。拎包入住！！！！！,3室2厅,138,6600,47.826
精装电梯两房，前面有保小，后面有文三街,2室2厅,90,6500,72.222
龙湖水晶郦城 4室1厅 5000元,4室1厅,89,5000,56.18
精装电梯地铁房，业主诚租，看房方便,3室2厅,150.28,7000,46.58
金地自在城 3室1厅 4200元,3室1厅,79,4200,53.165
九莲新村 2室1厅 3700元,2室1厅,51.76,3700,71.484
翠苑东四区 房东自住 精装三室  采光棒棒的 不容错过,3室1厅,66.95,4800,71.695
标题,户型,面积（平方）,房租（元/月）,每平方房租（元）
桃园新村 2室1厅 3500元,2室1厅,45,3500,77.778
金祝大两房，清爽装修，已经重新整理过，看房提前联系,2室1厅,56.29,4000,71.061
保小旁边清爽装修大两房，没有味道，随时看房！！！！,2室1厅,68.5,5200,75.912
保俶路 1室1厅 3500元,1室1厅,47,3500,74.468
嘉禾花苑 1室1厅 2400元,1室1厅,35,2400,68.571
短租6个月，精装2房，号楼层，位置安静,2室2厅,86.56,5400,62.384
中楼层好房，沈塘桥站脚步丈量的距离,2室1厅,55.95,4300,76.854
中间楼层，采光好，含有室内阳台。,2室1厅,60,4800,80.0
嘉南公寓影池居 3室2厅 6500元,3室2厅,112,6500,58.036
钱江之江新天地 3室1厅 4500元,3室1厅,76,4500,59.211
兴财名都苑 4室2厅 9000元,4室2厅,164.07,9000,54.855
紫金西苑 3室1厅 5500元,3室1厅,103,5500,53.398
万科星空 3室2厅 5500元,3室2厅,89,5500,61.798
带车位带车位！西溪蝶园一期精装大4房3卫，西溪银泰旁,4室2厅,190,13000,68.421
排屋                                          好房,5室3厅,220,9000,40.909
胜利新村 2室1厅 4200元,2室1厅,60,4200,70.0
聚丰公寓 3室2厅 7000元,3室2厅,123,7000,56.911
工商大学，文一街，清爽三房 随时看房,3室1厅,69.74,4500,64.525
两房价格住三房 价格便宜 楼层好,3室1厅,60,4200,70.0
金街美地 2室1厅 4500元,2室1厅,45,4500,100.0
西溪蝶园 三室 拎包入住   随时可以看房,3室1厅,86.49,6800,78.622
石灰桥新村全新装修，业主诚心招租中，随时可看！,2室2厅,63.83,4500,70.5
近阿里巴巴 西溪银泰 家具家电齐全 房东自住房源,3室2厅,170,10000,58.824
金祝新村，干净整洁的两房两厅，楼下方便停车,2室1厅,55.13,5000,90.695
龙湖水晶郦城 3室2厅 5000元,3室2厅,89,5000,56.18
申瑞国际金座 3室2厅 6500元,3室2厅,66.27,6500,98.084
云溪印象 1室1厅 3300元,1室1厅,54,3300,61.111
申瑞国际金座 2室2厅 5800元,2室2厅,67,5800,86.567
中海定山府 4室2厅 8000元,4室2厅,241,8000,33.195
如果您还在找房子，可以点进来看下，实际更明亮！！！,2室1厅,50.63,4700,92.83
标题,户型,面积（平方）,房租（元/月）,每平方房租（元）
西荡苑两室出租，中等装修！！！,2室1厅,62,4800,77.419
都市阳光嘉苑 2室1厅 3500元,2室1厅,63,3500,55.556
"格局方正,双南设计,全明通透,优雅气派彰显无疑",2室2厅,88.34,10000,113.199
耀江文鼎苑 2室2厅 6600元,2室2厅,87.71,6600,75.248
翠苑三区 3室1厅 5000元,3室1厅,67,5000,74.627
马塍路精致两房，配套成熟，就差一个你了,2室1厅,60,4700,78.333
翠苑二区 2室0厅 3950元,2室0厅,50,3950,79.0
闲庭院落小憩，春风十里不如你~,3室1厅,65.31,4500,68.902
简单清爽装修 可注册公司适用于办公 纯边套朝南采光佳,1室1厅,65.01,5800,89.217
自住清爽一居室，房东诚心出租，干净清爽,1室1厅,45,3500,77.778
友谊新村 1室1厅 3400元,1室1厅,42,3400,80.952
融创河滨之城 3室2厅 6500元,3室2厅,89,6500,73.034
云溪香山 2室1厅 5000元,2室1厅,95.64,5000,52.279
好房  好房  精装        大三房,3室2厅,147,6000,40.816
近阿里巴巴 西溪银泰 精装2房 带地暖 生活便利,2室2厅,88.23,6200,70.271
聚丰公寓 1室0厅 3300元,1室0厅,40,3300,82.5
飞机户型等大三房自住精装修，诚招居家客户！,3室1厅,76,5400,71.053
金地自在城 1室1厅 3300元,1室1厅,48.7,3300,67.762
近西溪银泰 西溪谷 西溪首座 房东自住精装修,3室2厅,89,9000,101.124
聚丰公寓 2室0厅 4600元,2室0厅,60,4600,76.667
龙湖水晶郦城 4室0厅 4500元,4室0厅,89,4500,50.562
黄龙雅苑，一室精装，朝南户型。,1室1厅,38.64,4600,119.048
融创瑷骊山 2室1厅 4800元,2室1厅,89,4800,53.933
内部家具没有，可自带也可和房东谈，适合一家人居住,1室1厅,44.32,3000,67.69
富丽苑 3室2厅 6000元,3室2厅,144.82,6000,41.431
万塘汇大厦 1室0厅 18000元,1室0厅,242,18000,74.38
黄龙雅苑 精装两房 邀您来住 业主诚心出租,2室2厅,134.53,13000,96.633
回龙雅苑 3室2厅 3980元,3室2厅,95,3980,41.895
园丁公寓 2室2厅 3000元,2室2厅,72,3000,41.667
西溪板块房东自住房源 近阿里巴巴 西溪首座西溪银泰城,5室2厅,170.93,10000,58.503
标题,户型,面积（平方）,房租（元/月）,每平方房租（元）
桃园很清爽的两房装修，希望一家人在入住，看房方便！,2室1厅,61,4500,73.77
秋意正浓，房东自住装修，干净清爽,3室1厅,75.85,6000,79.103
闲庭院落小憩，春风十里不如你~,1室1厅,35,3000,85.714
金田花园 2室2厅 5000元,2室2厅,69,5000,72.464
地理位置优越，环境优美，好环境总会给人带来好心情。,2室1厅,52,3800,73.077
房东诚心出租，希望找个有缘租客,2室1厅,43,3600,83.721
黄龙世纪苑 2室1厅 7500元,2室1厅,90,7500,83.333
万科星空 3室2厅 5500元,3室2厅,89,5500,61.798
嘉南公寓影池居 3室2厅 6500元,3室2厅,112,6500,58.036
华门自由21世纪 2室1厅 4000元,2室1厅,51,4000,78.431
乾成园 3室1厅 4500元,3室1厅,79.51,4500,56.597
融创河滨之城 4室2厅 7000元,4室2厅,118,7000,59.322
西溪晴雪 两室 清爽户型拎包入住  温馨舒适,2室1厅,68,4000,58.824
南都德迦西区 3室2厅 12000元,3室2厅,149.68,12000,80.171
古荡新村 清爽两房 家电齐全 随时看房 可议价,2室1厅,53.41,4200,78.637
世贸丽晶城 2室1厅 7500元,2室1厅,81.46,7500,92.07
西溪蝶园一期，西溪银泰旁，拎包入住，带地暖带车位,4室2厅,186.06,14500,77.932
绿城物业 近银泰城 可拎包入住,3室2厅,89,7500,84.27
想要眺望美美的远方吗？生活就在这里,3室1厅,68.2,5500,80.645
精装2房，诚心出租............,2室2厅,89,6000,67.416
万科物业，距离西溪800米，周 边出行方便，大4房,4室2厅,195.64,16000,81.783
春风十里不如你，温暖的家只差一个你,2室1厅,52.5,3900,74.286
西溪蝶园二期 1室1厅 5300元,1室1厅,68.9,5300,76.923
金海公寓 2室1厅 3300元,2室1厅,60,3300,55.0
黄龙世纪苑 2室2厅 6800元,2室2厅,89,6800,76.404
像风走了八万里，我在这等你入住,2室1厅,48.86,3600,73.68
文一路60号 2室1厅 3900元,2室1厅,50,3900,78.0
绿城丁香公寓 1室1厅 6300元,1室1厅,70.67,6300,89.147
梅苑阁小区 3室1厅 5000元,3室1厅,91.14,5000,54.861
中海西溪华府，西溪首座西溪银泰旁，生活便利,2室1厅,88.86,5000,56.268
标题,户型,面积（平方）,房租（元/月）,每平方房租（元）
赞成岭上花苑 5室1厅 7500元,5室1厅,229.07,7500,32.741
庆丰新村 1室1厅 3000元,1室1厅,45,3000,66.667
紫金庭园    风景优美     视野开阔,2室2厅,107,6000,56.075
翠苑二区北区 2室1厅 3800元,2室1厅,61,3800,62.295
申瑞国际金座 3室2厅 6500元,3室2厅,140,6500,46.429
九莲新村 1室1厅 3200元,1室1厅,38.96,3200,82.136
城北商贸园 2室1厅 3800元,2室1厅,75,3800,50.667
精装公寓，诚心出租............,1室1厅,44,2800,63.636
像风走了八万里，我在这等你入住,2室1厅,50.18,4000,79.713
融创河滨之城 西溪银泰旁 家电齐全 拎包入住,3室2厅,89,6300,70.787
城市芯宇精装单身公寓，诚心出租。,1室1厅,53.09,5100,96.063
西溪晴雪 3室2厅 5200元,3室2厅,90,5200,57.778
复地黄龙和山 1室1厅 3300元,1室1厅,47,3300,70.213
万科精装修 万科物业 家具家电齐全 拎包入住,3室2厅,89,7000,78.652
古荡新村西区 2室0厅 3600元,2室0厅,50,3600,72.0
地铁边，行知旁，清爽两房，陪读的家长看过来。,2室1厅,62.99,4200,66.677
学院路59号 2室1厅 4300元,2室1厅,65,4300,66.154
翠苑五区 电梯房 装修清爽 采光充足 期待您的入住,3室1厅,105.26,5700,54.152
绿城兰桂花园 3室2厅 8000元,3室2厅,133,8000,60.15
留博楼 2室1厅 5000元,2室1厅,72.96,5000,68.531
确认过眼神 遇见对的人 九莲自住精装2房静待有缘人,3室1厅,75,5200,69.333
广宇西城年华 2室1厅 4200元,2室1厅,65.37,4200,64.25
河滨简装房源 近学军中 学 阿里巴巴 浙大 西溪银泰,3室2厅,88.63,5600,63.184
良户家苑 2室1厅 3600元,2室1厅,90,3600,40.0
枫华府第 1室1厅 5500元,1室1厅,58,5500,94.828
汇丰公寓 2室2厅 5600元,2室2厅,85,5600,65.882
星洲花园三居室，家电齐全拎包入住,3室1厅,117,6000,51.282
黄龙世纪苑 3室1厅 8500元,3室1厅,120,8500,70.833
朗郡庭园 2室1厅 3500元,2室1厅,89,3500,39.326
坤和西溪里璞园 3室2厅 7900元,3室2厅,138.24,7900,57.147
标题,户型,面积（平方）,房租（元/月）,每平方房租（元）
融创河滨之城 4室1厅 5800元,4室1厅,89,5800,65.169
沈塘桥地铁站精致两房，在这里召唤你,2室1厅,63,5000,79.365
墩莳家园 2室1厅 3300元,2室1厅,63,3300,52.381
桂花城 3室1厅 7500元,3室1厅,132.55,7500,56.582
古荡新村西区 2室1厅 5200元,2室1厅,76,5200,68.421
中海西溪华府 2室1厅 4000元,2室1厅,75,4000,53.333
地铁边，简单装修，可以长租，价格实惠,2室1厅,50,3600,72.0
九莲新村 2室1厅 4000元,2室1厅,76,4000,52.632
近学军中 学 阿里巴巴 浙大 西溪银泰,3室2厅,89.4,5800,64.877
金地迷你小金铺，30多方，在不来就没有了,1室1厅,28.36,3000,105.783
圣苑小区 2室1厅 5200元,2室1厅,90,5200,57.778
政苑小区 3室1厅 6000元,3室1厅,119,6000,50.42
无论何时，这里都有个温暖的港湾供你停泊,3室1厅,60.08,5300,88.216
松木场河东 武林门 精装2室 近西湖,2室1厅,50.63,4700,92.83
像风走了八万里，我在这等你入住,3室1厅,74.87,4700,62.775
金地自在城乐活湾小两房，跃层，随时入住，随时看房!,2室1厅,79.39,4200,52.903
文亭公寓，自住小两房，精装修，让心有处可依,2室1厅,54,4600,85.185
之江富城 2室1厅 3500元,2室1厅,56.4,3500,62.057
华星路，支付宝自住三房，南北通透，生活舒适，自住,3室1厅,81,6200,76.543
总有一处空间让人忘性的舒展自己~,3室1厅,72.06,4600,63.836
古荡新村西区 3室1厅 4700元,3室1厅,74.52,4700,63.07
西荡苑梨苑 3室1厅 6300元,3室1厅,90,6300,70.0
中海定山府 2室2厅 4300元,2室2厅,89,4300,48.315
天目山路3号 3室1厅 6800元,3室1厅,89,6800,76.404
兰庭国际清爽一房，给您一个温馨的小窝,1室1厅,46.87,5200,110.945
同人精华 1室1厅 4000元,1室1厅,51.09,4000,78.293
融创瑷骊山 2室1厅 4500元,2室1厅,79.6,4500,56.533
古荡新村西区两室，价格实惠....,2室0厅,36.37,3200,87.985
浙江工业大学之江校区宿舍 2室1厅 3000元,2室1厅,60,3000,50.0
求是里精装大三室，看房方便，户型方正,3室2厅,125,6000,48.0
标题,户型,面积（平方）,房租（元/月）,每平方房租（元）
横桥沈合苑 3室2厅 4500元,3室2厅,100,4500,45.0
华门自由21世纪 2室1厅 4000元,2室1厅,51,4000,78.431
乾成园 3室1厅 4500元,3室1厅,79.51,4500,56.597
融创河滨之城 4室2厅 7000元,4室2厅,118,7000,59.322
西溪晴雪 两室 清爽户型拎包入住  温馨舒适,2室1厅,68,4000,58.824
南都德迦西区 3室2厅 12000元,3室2厅,149.68,12000,80.171
古荡新村 清爽两房 家电齐全 随时看房 可议价,2室1厅,53.41,4200,78.637
梅苑阁小区 3室1厅 5000元,3室1厅,91.14,5000,54.861
中海西溪华府，西溪首座西溪银泰旁，生活便利,2室1厅,88.86,5000,56.268
想要眺望美美的远方吗？生活就在这里,3室1厅,68.2,5500,80.645
精装2房，诚心出租............,2室2厅,89,6000,67.416
万科物业，距离西溪800米，周 边出行方便，大4房,4室2厅,195.64,16000,81.783
春风十里不如你，温暖的家只差一个你,2室1厅,52.5,3900,74.286
西溪蝶园二期 1室1厅 5300元,1室1厅,68.9,5300,76.923
金地自在城 1室1厅 3300元,1室1厅,48.7,3300,67.762
近西溪银泰 西溪谷 西溪首座 房东自住精装修,3室2厅,89,9000,101.124
聚丰公寓 2室0厅 4600元,2室0厅,60,4600,76.667
龙湖水晶郦城 4室0厅 4500元,4室0厅,89,4500,50.562
黄龙雅苑，一室精装，朝南户型。,1室1厅,38.64,4600,119.048
融创瑷骊山 2室1厅 4800元,2室1厅,89,4800,53.933
内部家具没有，可自带也可和房东谈，适合一家人居住,1室1厅,44.32,3000,67.69
湖畔花园清爽装修，看房方便！！！！1,3室2厅,133.02,6800,51.12
华星路12号 2室1厅 4500元,2室1厅,67.07,4500,67.094
翠苑三区 3室1厅 4000元,3室1厅,67,4000,59.701
康乐新村，业主自住精装修的。一家人居住最为方便。,2室2厅,57.4,4500,78.397
坤和西溪里西溪银泰旁，随时看房，绿城物业，拎包入住,3室1厅,137.21,7000,51.017
嘉南公寓影池居 3室2厅 6500元,3室2厅,112,6500,58.036
钱江之江新天地 3室1厅 4500元,3室1厅,76,4500,59.211
兴财名都苑 4室2厅 9000元,4室2厅,164.07,9000,54.855
紫金西苑 3室1厅 5500元,3室1厅,103,5500,53.398
标题,户型,面积（平方）,房租（元/月）,每平方房租（元）
黄龙雅苑，一室精装，朝南户型。,1室1厅,38.64,4600,119.048
融创瑷骊山 2室1厅 4800元,2室1厅,89,4800,53.933
内部家具没有，可自带也可和房东谈，适合一家人居住,1室1厅,44.32,3000,67.69
湖畔花园清爽装修，看房方便！！！！1,3室2厅,133.02,6800,51.12
华星路12号 2室1厅 4500元,2室1厅,67.07,4500,67.094
翠苑三区 3室1厅 4000元,3室1厅,67,4000,59.701
康乐新村，业主自住精装修的。一家人居住最为方便。,2室2厅,57.4,4500,78.397
坤和西溪里西溪银泰旁，随时看房，绿城物业，拎包入住,3室1厅,137.21,7000,51.017
梅苑阁小区 3室1厅 5000元,3室1厅,91.14,5000,54.861
中海西溪华府，西溪首座西溪银泰旁，生活便利,2室1厅,88.86,5000,56.268
想要眺望美美的远方吗？生活就在这里,3室1厅,68.2,5500,80.645
精装2房，诚心出租............,2室2厅,89,6000,67.416
万科物业，距离西溪800米，周 边出行方便，大4房,4室2厅,195.64,16000,81.783
春风十里不如你，温暖的家只差一个你,2室1厅,52.5,3900,74.286
西溪蝶园二期 1室1厅 5300元,1室1厅,68.9,5300,76.923
翠苑二区 2室0厅 3950元,2室0厅,50,3950,79.0
闲庭院落小憩，春风十里不如你~,3室1厅,65.31,4500,68.902
简单清爽装修 可注册公司适用于办公 纯边套朝南采光佳,1室1厅,65.01,5800,89.217
自住清爽一居室，房东诚心出租，干净清爽,1室1厅,45,3500,77.778
友谊新村 1室1厅 3400元,1室1厅,42,3400,80.952
黄龙世纪苑 2室2厅 6800元,2室2厅,89,6800,76.404
像风走了八万里，我在这等你入住,2室1厅,48.86,3600,73.68
文一路60号 2室1厅 3900元,2室1厅,50,3900,78.0
绿城丁香公寓 1室1厅 6300元,1室1厅,70.67,6300,89.147
西溪板块房东自住房源 近阿里巴巴 西溪首座西溪银泰城,5室2厅,170.93,10000,58.503
桃园很清爽的两房装修，希望一家人在入住，看房方便！,2室1厅,61,4500,73.77
西溪蝶园一期  三室  拎包入住,3室2厅,89,6500,73.034
王家弄 3室1厅 5600元,3室1厅,64,5600,87.5
文鼎苑南北通透2居室 精装修拎包入住,2室1厅,87.91,6500,73.939
简装大三房，业主诚心出租，闹中取静,3室2厅,130.5,7000,53.64
标题,户型,面积（平方）,房租（元/月）,每平方房租（元）
富丽苑 3室2厅 5800元,3室2厅,108.73,5800,53.343
世贸丽晶城 2室1厅 7500元,2室1厅,81.46,7500,92.07
西溪蝶园一期，西溪银泰旁，拎包入住，带地暖带车位,4室2厅,186.06,14500,77.932
绿城物业 近银泰城 可拎包入住,3室2厅,89,7500,84.27
西溪板块精装3房 近阿里巴巴 西溪首座 西溪银泰城,3室2厅,137.21,6500,47.373
西荡苑两室出租，中等装修！！！,2室1厅,62,4800,77.419
都市阳光嘉苑 2室1厅 3500元,2室1厅,63,3500,55.556
"格局方正,双南设计,全明通透,优雅气派彰显无疑",2室2厅,88.34,10000,113.199
耀江文鼎苑 2室2厅 6600元,2室2厅,87.71,6600,75.248
翠苑三区 3室1厅 5000元,3室1厅,67,5000,74.627
马塍路精致两房，配套成熟，就差一个你了,2室1厅,60,4700,78.333
金海公寓 2室1厅 3300元,2室1厅,60,3300,55.0
秋意正浓，房东自住装修，干净清爽,3室1厅,75.85,6000,79.103
闲庭院落小憩，春风十里不如你~,1室1厅,35,3000,85.714
金田花园 2室2厅 5000元,2室2厅,69,5000,72.464
地理位置优越，环境优美，好环境总会给人带来好心情。,2室1厅,52,3800,73.077
房东诚心出租，希望找个有缘租客,2室1厅,43,3600,83.721
黄龙世纪苑 2室1厅 7500元,2室1厅,90,7500,83.333
泊林漫谷 1室1厅 3000元,1室1厅,90,3000,33.333
庆丰新村 2室1厅 4600元,2室1厅,53,4600,86.792
融创河滨之城 3室2厅 6500元,3室2厅,89,6500,73.034
云溪香山 2室1厅 5000元,2室1厅,95.64,5000,52.279
好房  好房  精装        大三房,3室2厅,147,6000,40.816
近阿里巴巴 西溪银泰 精装2房 带地暖 生活便利,2室2厅,88.23,6200,70.271
聚丰公寓 1室0厅 3300元,1室0厅,40,3300,82.5
飞机户型等大三房自住精装修，诚招居家客户！,3室1厅,76,5400,71.053
带车位带车位！西溪蝶园一期精装大4房3卫，西溪银泰旁,4室2厅,190,13000,68.421
排屋                                          好房,5室3厅,220,9000,40.909
胜利新村 2室1厅 4200元,2室1厅,60,4200,70.0
聚丰公寓 3室2厅 7000元,3室2厅,123,7000,56.911
标题,户型,面积（平方）,房租（元/月）,每平方房租（元）
坤和和家园 3室1厅 4200元,3室1厅,88,4200,47.727
东边套 朝南的两室 这个价格 这样的房子 你不心动吗,2室1厅,56,4100,73.214
文二路57号 2房朝南 房东自住装修,2室1厅,51.49,4200,81.569
聚丰公寓 3室2厅 7000元,3室2厅,123,7000,56.911
工商大学，文一街，清爽三房 随时看房,3室1厅,69.74,4500,64.525
两房价格住三房 价格便宜 楼层好,3室1厅,60,4200,70.0
金街美地 2室1厅 4500元,2室1厅,45,4500,100.0
泊林漫谷 1室1厅 3000元,1室1厅,90,3000,33.333
庆丰新村 2室1厅 4600元,2室1厅,53,4600,86.792
绿城兰桂花园 3室2厅 8000元,3室2厅,133,8000,60.15
留博楼 2室1厅 5000元,2室1厅,72.96,5000,68.531
确认过眼神 遇见对的人 九莲自住精装2房静待有缘人,3室1厅,75,5200,69.333
广宇西城年华 2室1厅 4200元,2室1厅,65.37,4200,64.25
星洲花园格兰馨庐新上精装电梯房三房两厅两卫诚心出租,3室2厅,138,8000,57.971
别墅小区，独有户型值得拥有，看房有钥匙,2室1厅,62.79,4000,63.704
文萃苑，自主三房出租，户型通透，适合一家人住,3室2厅,132.86,8000,60.214
西溪河东简装2室 中间楼层 随时看房,2室1厅,50,4000,80.0
良户家苑 2室1厅 3600元,2室1厅,90,3600,40.0
枫华府第 1室1厅 5500元,1室1厅,58,5500,94.828
汇丰公寓 2室2厅 5600元,2室2厅,85,5600,65.882
星洲花园三居室，家电齐全拎包入住,3室1厅,117,6000,51.282
黄龙世纪苑 3室1厅 8500元,3室1厅,120,8500,70.833
朗郡庭园 2室1厅 3500元,2室1厅,89,3500,39.326
坤和西溪里璞园 3室2厅 7900元,3室2厅,138.24,7900,57.147
融创河滨之城 4室1厅 5800元,4室1厅,89,5800,65.169
沈塘桥地铁站精致两房，在这里召唤你,2室1厅,63,5000,79.365
墩莳家园 2室1厅 3300元,2室1厅,63,3300,52.381
府新花园东区 2室1厅 5400元,2室1厅,83,5400,65.06
金地自在城东苑3房，地铁口800米，婚房配置！,3室2厅,89,5000,56.18
金祝新村 西湖边保俶路 保小 省府 黄龙 嘉华世贸,3室1厅,69.6,6000,86.207
标题,户型,面积（平方）,房租（元/月）,每平方房租（元）
万科星空 4室2厅 7500元,4室2厅,126,7500,59.524
城北商贸园 2室1厅 3700元,2室1厅,69.59,3700,53.169
嘉绿文苑 2室1厅 5000元,2室1厅,77.78,5000,64.284
星洲花园白沙佛庭精装排屋，品质生活,4室2厅,182,13500,74.176
短租神房 拎包入住 温暖的家只差一个你,3室1厅,71.99,5000,69.454
杭州公馆，带地暖，自住精装两房出租，看房方便,2室2厅,71.18,7500,105.367
冠苑小区 3室2厅 6500元,3室2厅,107.66,6500,60.375
山涧苑 3室2厅 4000元,3室2厅,113.31,4000,35.301
房东诚心出租，房东希望找个爱护房子的诚心客户,3室1厅,96,5300,55.208
白荡海社区 2室1厅 3500元,2室1厅,51,3500,68.627
政苑小区 3室2厅 6800元,3室2厅,111.98,6800,60.725
聚丰公寓 2室1厅 6000元,2室1厅,70,6000,85.714
耀江文欣大厦 2室2厅 6770元,2室2厅,80.85,6770,83.735
十三中，陪读神房，家长能做的就是让孩子多睡一会,3室1厅,156.43,7000,44.748
万科星空 3室2厅 7500元,3室2厅,112,7500,66.964
中天之江诚品 3室2厅 3000元,3室2厅,89,3000,33.708
实用3房，万科物业，距离西溪800米，周 边出行方便,3室2厅,89,5200,58.427
松木场河东 1室1厅 4500元,1室1厅,43,4500,104.651
黄龙雅苑 1室1厅 5000元,1室1厅,63,5000,79.365
精装三房，家具家电设施齐全，给你一份温馨的家,3室1厅,89,7500,84.27
绿园 3室2厅 15000元,3室2厅,152,15000,98.684
西溪路536号 1室2厅 3500元,1室2厅,50,3500,70.0
万科西庐唯一一套在租的四叠院 近阿里巴巴  西溪首座,4室2厅,122.04,11000,90.134
纵有广厦万间，日有三餐，夜可一宿，便是最适合你的！,2室1厅,53.29,4000,75.061
新世纪花苑 3室1厅 4500元,3室1厅,99.09,4500,45.413
业主诚心出租，两房朝南一房北，南北通透，阳光充足,3室1厅,75,7000,93.333
乾成园 2室1厅 3500元,2室1厅,62,3500,56.452
西溪蝶园精装修一室，西溪银泰旁，万科物业，拎包入住,1室0厅,52.71,4300,81.578
西湖景区房，清爽一室，中间楼层,1室1厅,46.1,4200,91.106
融创河滨之城 3室2厅 8000元,3室2厅,89,8000,89.888
标题,户型,面积（平方）,房租（元/月）,每平方房租（元）
武林花园 2室1厅 4600元,2室1厅,65.62,4600,70.101
河滨简装房源 近学军中 学 阿里巴巴 浙大 西溪银泰,3室2厅,88.63,5600,63.184
桃园新村 2室1厅 3500元,2室1厅,45,3500,77.778
金祝大两房，清爽装修，已经重新整理过，看房提前联系,2室1厅,56.29,4000,71.061
保小旁边清爽装修大两房，没有味道，随时看房！！！！,2室1厅,68.5,5200,75.912
保俶路 1室1厅 3500元,1室1厅,47,3500,74.468
嘉禾花苑 1室1厅 2400元,1室1厅,35,2400,68.571
湖畔花园清爽装修，看房方便！！！！1,3室2厅,133.02,6800,51.12
华星路12号 2室1厅 4500元,2室1厅,67.07,4500,67.094
翠苑三区 3室1厅 4000元,3室1厅,67,4000,59.701
康乐新村，业主自住精装修的。一家人居住最为方便。,2室2厅,57.4,4500,78.397
坤和西溪里西溪银泰旁，随时看房，绿城物业，拎包入住,3室1厅,137.21,7000,51.017
翠苑五区 电梯房 装修清爽 采光充足 期待您的入住,3室1厅,105.26,5700,54.152
宝石新村 1室1厅 4500元,1室1厅,50,4500,90.0
圣苑小区 3室2厅 7000元,3室2厅,125,7000,56.0
文二新村 标准三室 南北通透 拎包入住,3室1厅,60.19,4500,74.763
初次出租，精致装修带地暖，选择这套房不会后悔！,3室2厅,140,9000,64.286
高大上写字楼！带电梯，可办公可注册公司！,3室2厅,123.72,10000,80.828
保俶北路82号 1室1厅 3000元,1室1厅,37,3000,81.081
雨天，晴天，最美的适合你在一起的那天！古荡等你,2室1厅,56,4200,75.0
云溪香山 2室2厅 4000元,2室2厅,95.64,4000,41.824
朗郡庭园 4室2厅 5000元,4室2厅,155.78,5000,32.097
整租  曙光新村 黄龙体育馆  精装修两房 看房有钥匙,2室1厅,52.8,7500,142.045
翠苑一区 2室1厅 3600元,2室1厅,50,3600,72.0
融信杭州公馆5居室 03卧,5室1厅,8.9,1790,201.124
高品质的房子，旁边是西溪银泰城.地铁口（在建）,4室2厅,204,22000,107.843
金祝新村 2室1厅 4200元,2室1厅,56,4200,75.0
白荡海社区 2室1厅 4000元,2室1厅,68,4000,58.824
湖畔花园排屋诚心出租，可办公！,4室3厅,160,15000,93.75
莫干山路361号 2室1厅 3900元,2室1厅,76,3900,51.316
标题,户型,面积（平方）,房租（元/月）,每平方房租（元）
赞成岭上花苑 5室2厅 8800元,5室2厅,254.47,8800,34.582
诚心出租 个性毛坯 坤和和家园 交通便利安全舒适,2室1厅,88.71,4500,50.727
西溪河东  3房  精装修  适合一家人住,3室1厅,71.28,6500,91.19
泊林漫谷 3室2厅 2800元,3室2厅,136,2800,20.588
融创瑷骊山 2室1厅 3800元,2室1厅,74.55,3800,50.973
融创瑷骊山 4室2厅 10000元,4室2厅,225.75,10000,44.297
同人精华 1室1厅 3500元,1室1厅,33,3500,106.061
金田花园家具家电齐全拎包入住！业主自住，刚搬新房！,2室2厅,69.6,4000,57.471
之江家园三区 5室2厅 5000元,5室2厅,120,5000,41.667
金成花园 2室1厅 3900元,2室1厅,52,3900,75.0
西溪河下78号 2室1厅 4500元,2室1厅,73.02,4500,61.627
桂花城 3室2厅 9500元,3室2厅,138,9500,68.841
紫桂花园 3室2厅 12000元,3室2厅,159,12000,75.472
望月公寓 3室1厅 4500元,3室1厅,85,4500,52.941
诚心出租，朝南光照充足，精装修 近阿里巴巴,3室2厅,89.11,5800,65.088
邮电新村 2室1厅 4000元,2室1厅,51,4000,78.431
紫金庭园 3室2厅 6700元,3室2厅,127,6700,52.756
绿城物业 近银泰城 可拎包入住,3室1厅,89,5500,61.798
金都城市芯宇，跃层两房，诚心出租。,2室1厅,91.03,7500,82.39
金都城市芯宇 LOFT结构两房，清爽宜人,2室1厅,89.15,7200,80.763
融创河滨之城 3室2厅 6500元,3室2厅,89,6500,73.034
保俶路 2室1厅 5000元,2室1厅,70,5000,71.429
文三路54号 2室1厅 4000元,2室1厅,46.9,4000,85.288
西溪蝶园精装修一室，西溪银泰旁，万科物业，拎包入住,1室0厅,52.85,4500,85.147
链家房源 世贸丽晶城公寓 高楼层 交通便捷,1室1厅,56.27,5800,103.074
都市水乡水秀苑 2室2厅 4000元,2室2厅,90,4000,44.444
链家房源枫华府第精装三居室中间楼幢户型好,3室2厅,131.2,10000,76.22
政苑小区 3室2厅 5600元,3室2厅,111.96,5600,50.018
两房中装家具家电齐全拎包入住！,2室2厅,68.11,4000,58.729
电梯房，南北通透，采光好，带小花园,3室2厅,138.91,5000,35.995
标题,户型,面积（平方）,房租（元/月）,每平方房租（元）
诚心出租 个性毛坯 坤和和家园 交通便利安全舒适,2室1厅,88.71,4500,50.727
西溪河东  3房  精装修  适合一家人住,3室1厅,71.28,6500,91.19
泊林漫谷 3室2厅 2800元,3室2厅,136,2800,20.588
两室大房  干净整洁  拎包入住,2室1厅,60,5200,86.667
精装自住，看房提前预约。房东诚心。,3室2厅,127.03,8000,62.977
留博楼 2室1厅 5000元,2室1厅,65,5000,76.923
枫丹白露 5室3厅 8000元,5室3厅,203.59,8000,39.295
爱尚里 3室2厅 4200元,3室2厅,55,4200,76.364
天阳云筑 3室2厅 5000元,3室2厅,89,5000,56.18
留博楼 2室1厅 5200元,2室1厅,73,5200,71.233
一家人看过来。精装好房 大一居室,1室2厅,65,3500,53.846
新星小区 2室1厅 3000元,2室1厅,52.6,3000,57.034
中大文锦苑房源出租，房东诚心租,3室2厅,117,10000,85.47
龙湖水晶郦城 2室2厅 4000元,2室2厅,89,4000,44.944
中海紫藤苑 2室2厅 4700元,2室2厅,89,4700,52.809
爱尚里 3室2厅 4500元,3室2厅,60,4500,75.0
三 房 适合                                 一家人,3室2厅,99.8,4800,48.096
中海紫藤苑大3房，仅此一套，空房！空房！,4室1厅,137.13,5500,40.108
新星小区 3室1厅 3800元,3室1厅,73,3800,52.055
新星3房 适合                             一家人,3室1厅,74.89,3600,48.071
文新站，嘉南公寓三房两厅两卫，大阳台,3室2厅,107,6800,63.551
金祝新村 2室1厅 5000元,2室1厅,58,5000,86.207
醒来百鸟鸣，推窗四季入。 期待知音人，待之如家人,3室1厅,101.67,6500,63.932
曙光路三弄 2室1厅 4600元,2室1厅,53.5,4600,85.981
浙江工业大学之江校区宿舍 2室1厅 3000元,2室1厅,58.86,3000,50.968
云溪香山 5室1厅 6000元,5室1厅,168.07,6000,35.699
朗郡庭园 4室2厅 5500元,4室2厅,191.23,5500,28.761
绿城之江1号 3室2厅 4700元,3室2厅,110.74,4700,42.442
教工路131房东自住精装两房，寻找有缘人,2室1厅,56.56,4300,76.025
金厦公寓 4室2厅 10000元,4室2厅,221.3,10000,45.188
标题,户型,面积（平方）,房租（元/月）,每平方房租（元）
阿里巴巴文一西路海创园未来科技城万科星空住宅出租！,4室2厅,138,8000,57.971
链家房源枫华府第精装一居室高楼层采光好,1室1厅,58.32,5500,94.307
文鼎苑精装大三房 适合朋友合租或一家人,3室1厅,130,7800,60.0
翠苑一区 1室1厅 3200元,1室1厅,41,3200,78.049
干净清爽优选房，地铁房，生活便利房。,2室1厅,50.72,4500,88.722
松木场河西   送牧场河东   保俶小区   黄龙体育中场,1室1厅,42,3800,90.476
嘉绿西苑地铁口精装两室出租，小区环境优美，闹中取静,2室1厅,77.12,4500,58.351
莲花新村西区 3室2厅 6200元,3室2厅,72,6200,86.111
阿里巴巴文一西路海创园未来科技城万科星空住宅出租！,3室2厅,89,5800,65.169
西溪蝶园一期，西溪银泰旁，万科物业，拎包入住,4室1厅,196,13000,66.327
金地自在城东苑大四房，地铁口房源，客厅带阳台！,4室2厅,149,8000,53.691
金源公寓 3室1厅 4000元,3室1厅,78,4000,51.282
梧桐燕庐 4室1厅 5800元,4室1厅,120,5800,48.333
高教新村 3室1厅 4700元,3室1厅,75,4700,62.667
西湖区 南北通透 全明户型，家具家电齐全,3室1厅,84,3800,45.238
房东诚心出租，家具家电齐全，交通便利，拎包入住。,3室2厅,123,6800,55.285
房东诚心出租，家具家电齐全，交通便利，拎包入住。,3室2厅,115,6600,57.391
新星小区 2室1厅 3500元,2室1厅,63.3,3500,55.292
康乐新村，业主自住的。一家人居住最为方便。采光好。,3室1厅,82.61,4500,54.473
此小区在文三西路古墩路交叉口，交通方便，,2室1厅,54,4700,87.037
都市阳光嘉苑 2室1厅 2100元,2室1厅,63,2100,33.333
嘉绿西苑 2室2厅 5000元,2室2厅,89,5000,56.18
新星小区 2室2厅 2800元,2室2厅,49.92,2800,56.09
精装两房，家具家电设施齐全，给你一份温馨的家,2室1厅,75.88,4400,57.986
星洲花园一居室，家具家电齐全拎包入住,1室1厅,51,3800,74.51
莫干山路79号 2室1厅 4500元,2室1厅,80,4500,56.25
中海西溪华府，西溪首座西溪银泰旁，生活便利,3室1厅,87.77,5200,59.246
新星小区 2室1厅 4000元,2室1厅,73.6,4000,54.348
明月公寓自住装修。很温暖的居家三房。,3室2厅,79.57,4800,60.324
适合居住的两房，有钥匙看房方便,2室2厅,80,3500,43.75
标题,户型,面积（平方）,房租（元/月）,每平方房租（元）
嘉绿景苑精装两室干净温馨户型正气南北通透出行方便,2室2厅,95.73,5500,57.453
装单身公寓，随时看房，可注册办公，可住人,1室0厅,38,3500,92.105
银马公寓精装三房，不沿街，房东诚心出租,3室2厅,168,14000,83.333
耀江文鼎苑 2室1厅 5700元,2室1厅,89,5700,64.045
黄龙雅苑 1室1厅 4600元,1室1厅,45,4600,102.222
新星小区 2室2厅 3800元,2室2厅,75,3800,50.667
新安嘉苑 2室1厅 4800元,2室1厅,83,4800,57.831
华远大厦 2室1厅 4500元,2室1厅,87.7,4500,51.311
翠苑五区 3室1厅 5300元,3室1厅,80,5300,66.25
温馨实用，简单的一个家，简单的生活,2室1厅,59.89,5000,83.486
望月公寓 3室2厅 5800元,3室2厅,130,5800,44.615
润达花园 2室1厅 4000元,2室1厅,72,4000,55.556
近阿里，大三房出租，来了解一下~,3室1厅,90,7500,83.333
多雨之秋，最美不过我们一起躲雨的屋檐，,2室0厅,45,4500,100.0
金地自在城 3室2厅 5000元,3室2厅,89,5000,56.18
最美的不是下雨天 是曾与你躲过雨的屋檐,2室1厅,60,4300,71.667
精装修2房，房东诚心出租，希望找个有缘租客,2室1厅,55.97,4500,80.4
翠苑三区 2室1厅 3500元,2室1厅,59,3500,59.322
新金都城市花园 4室1厅 7000元,4室1厅,113.92,7000,61.447
虾龙圩地铁口300米西城年华清爽一室！,1室1厅,42.43,3500,82.489
低楼层两房户型，诚招居家客户！,2室1厅,65,4500,69.231
西溪路22-97号 2室1厅 5500元,2室1厅,54.41,5500,101.084
润达花园 2室2厅 4200元,2室2厅,89,4200,47.191
我想给你一个温暖的家 你愿意住进来吗？,3室2厅,96.99,8500,87.638
毛坯房，仓库，办公最适合！！！,3室1厅,105,3500,33.333
翠苑四区 2室1厅 4500元,2室1厅,56,4500,80.357
聚丰公寓 1室1厅 3800元,1室1厅,50,3800,76.0
体育场路557号 1室1厅 3600元,1室1厅,43.12,3600,83.488
新星小区 3室1厅 3500元,3室1厅,67,3500,52.239
嘉南公寓青藤居 2室2厅 5500元,2室2厅,89,5500,61.798
标题,户型,面积（平方）,房租（元/月）,每平方房租（元）
风里雨里，黄龙等您，曙光精装两房,2室1厅,54,5300,98.148
翠苑逸景湾 2室1厅 5500元,2室1厅,89,5500,61.798
今日嘉园 1室1厅 4100元,1室1厅,51.4,4100,79.767
龙湖水晶郦城 3室1厅 4500元,3室1厅,89,4500,50.562
在繁华的都市里安一个家 小家却有大温暖,2室1厅,62,3600,58.065
政新花园 3室2厅 5300元,3室2厅,83,5300,63.855
都市阳光嘉苑 2室1厅 2200元,2室1厅,63,2200,34.921
紫金西苑 3室2厅 5000元,3室2厅,121,5000,41.322
紫金西苑 4室2厅 7500元,4室2厅,138,7500,54.348
雨天，晴天，最美的适合你在一起的那天！杭州公馆等你,1室1厅,59.02,6000,101.66
筑品金座 1室1厅 5800元,1室1厅,47,5800,123.404
西荡苑两室出租，中等装修！！！,3室1厅,87.3,5000,57.274
三墩颐景园大户型，户型好的 比较方正 小区配套成熟,3室2厅,126,5600,44.444
翠苑五区精装房拎包入住 ，好房子不贵等你来住,2室2厅,78.41,4600,58.666
金都城市芯宇 2室2厅 7200元,2室2厅,90,7200,80.0
和家园两房拎包入住 黄龙和山万科玉泉好房出租,2室1厅,88.66,4200,47.372
坤和西溪里璞园清爽装修，绿城物业，随时看房拎包入住,2室1厅,86.86,4800,55.261
近阿里巴巴 西溪银泰 简装2房 生活便利,2室2厅,87.22,4600,52.74
坤和西溪里璞园，绿城物业，随时看房，拎包入住,2室1厅,86.56,4600,53.142
坤和西溪里 3室1厅 3800元,3室1厅,86.49,3800,43.936
学院路59号 2室1厅 7000元,2室1厅,64.99,7000,107.709
中天之江诚品 3室2厅 4000元,3室2厅,89,4000,44.944
康乐新村 4室1厅 4500元,4室1厅,70.64,4500,63.703
翠苑东二区，简装大两房，看房方便，随时可以看的！,2室1厅,74.98,4000,53.348
庆丰新村 2室1厅 5000元,2室1厅,69.97,5000,71.459
同人精华 1室1厅 3300元,1室1厅,33,3300,100.0
中旅紫金名门 4室1厅 5800元,4室1厅,141,5800,41.135
政苑小区 3室2厅 5300元,3室2厅,103,5300,51.456
精装三房，坐北朝南，家具家电齐全 小区介绍,3室1厅,89,4500,50.562
金地自在城44方精致温馨小屋，满两年，开发商精装修,1室1厅,44.36,3000,67.628
标题,户型,面积（平方）,房租（元/月）,每平方房租（元）
龙湖水晶郦城 5室3厅 9400元,5室3厅,140,9400,67.143
中旅紫金名门 4室1厅 5800元,4室1厅,141,5800,41.135
金地自在城44方精致温馨小屋，满两年，开发商精装修,1室1厅,44.36,3000,67.628
精装三房，坐北朝南，家具家电齐全 小区介绍,3室2厅,89,4500,50.562
都市阳光小两房，价格低不租就没了啊。。。,2室1厅,62,2000,32.258
精装三房，坐北朝南，家具家电齐全 小区介绍,3室1厅,89,4500,50.562
创美华彩国际 4室0厅 5500元,4室0厅,456,5500,12.061
政苑小区 3室2厅 5300元,3室2厅,103,5300,51.456
精装三房，坐北朝南，家具家电齐全 小区介绍,3室1厅,89,4500,50.562
同人精华 1室0厅 3300元,1室0厅,31,3300,106.452
绿城物业 近银泰城 可拎包入住,3室2厅,89,5500,61.798
同人精华大面积办公房   空置精装,1室0厅,53,10000,188.679
雅仕苑 3室2厅 8800元,3室2厅,130,8800,67.692
庆丰新村 2室1厅 5000元,2室1厅,69.97,5000,71.459
耀江文鼎苑 1室1厅 4000元,1室1厅,61,4000,65.574
同人精华 1室1厅 3300元,1室1厅,33,3300,100.0
嘉绿西苑 3室2厅 6800元,3室2厅,102.89,6800,66.09
耀江文鼎苑 2室2厅 6500元,2室2厅,88,6500,73.864
天湖公寓 2室2厅 4900元,2室2厅,83.15,4900,58.93
金地自在城 3室2厅 5500元,3室2厅,89,5500,61.798
桃源春居 2室1厅 3800元,2室1厅,55,3800,69.091
广宇西城美墅 2室1厅 5500元,2室1厅,79,5500,69.62
金成花园 2室2厅 5000元,2室2厅,81,5000,61.728
耀江文欣大厦优质写字楼，房东诚心出租,1室0厅,190.24,15000,78.848
南都银座公寓 3室1厅 8000元,3室1厅,148.77,8000,53.774
兰庭婚房装修大三房，3房8800，位置优越 出行方便,3室2厅,146,8800,60.274
金成花园 2室1厅 3700元,2室1厅,65,3700,56.923
法式建筑 精装修 环境好采光充足 配套齐全 诚心出租,1室1厅,61.42,4800,78.15
银马公寓5房精装，两区间，一家人。,5室2厅,209.16,14000,66.934
华苑公寓 2室1厅 6500元,2室1厅,50.07,6500,129.818
