,No,page,nick,time,content,area,ip,ip_loc,length,against,agree,channel,hot,level,login_type,media_type,mid
0,1,1,琴音渺渺夜未央,2018-08-09 16:27:34,满意的生活,广东深圳,14.17.22.33,"广东省深圳市 电信 * GeoIP: Shenzhen, Guangdong, China * China Telecom (Group)",5,1533803254,0,cj,0,2,0,0,5B6BFAF5-E111621-BCEEE2E1-8C5-7E7
1,2,1,琴音渺渺夜未央,2018-08-09 16:27:18,通篇四个大字：贷款买房允悲,广东深圳,14.17.22.33,"广东省深圳市 电信 * GeoIP: Shenzhen, Guangdong, China * China Telecom (Group)",13,1533803238,0,cj,0,0,0,0,5B6BFAE6-E111621-BCEEE2E1-8C5-7C9
2,3,1,sumi不当逃兵,2018-08-09 16:18:14,一套房子够我挥霍一辈子，还不用贷款，还不用欠钱，还没快乐，为何不？,广东,223.104.63.68,"广东省深圳市 移动 * GeoIP: Guangzhou, Guangdong, China * China Mobile",33,1533802694,0,cj,0,0,0,0,5B6BF8C2-DF683F44-78272DA9-8C5-7F6
3,4,1,被TB卖家打扰的买家,2018-08-09 15:46:03,所以我从来不借贷,湖北荆州,221.233.18.19,"湖北省荆州市 电信 * GeoIP: Jingzhou, Hunan, China * The Chinanet network in Jinzhou ,Hubei province",8,1533800763,0,cj,0,0,0,0,5B6BF13B-DDE91213-149A3E3C5-8C5-8CD
4,5,1,OutOfMemorry,2018-08-09 15:39:10,对不起[拜拜],湖北武汉,120.202.26.98,"湖北省武汉市 移动 * GeoIP: Wuhan, Hubei, China * China Mobile Guangdong",7,1533800350,0,cj,0,0,0,0,5B6BEF9E-78CA1A62-17C901171-8C5-89C
5,6,1,Ooooooooverrated,2018-08-09 15:38:48,一系列我都举报了。,安徽合肥,117.136.101.53,"安徽省 移动 * GeoIP: Hefei, Anhui, China * China Mobile Guangdong",22,1533800328,0,cj,0,3,0,0,5B6BEF87-75886535-93B54D73-8C5-880
6,7,1,super白字君,2018-08-09 15:34:46,我很不想背上贷款，可是我很想问我们这破沿海的五线城市的房子有啥好炒的？,山东日照,119.185.73.161,"山东省日照市 联通 * GeoIP: Rizhao, Shandong, China * China Unicom Shandong",35,1533800086,0,cj,0,0,0,0,5B6BEE92-77B949A1-AC9050ED-8C5-8D8
7,8,1,九灵miao,2018-08-09 15:32:27,惊呆啊 说的很对 怎么这么敢说大实话,北京海淀,219.238.166.229,"北京市 电信通 * GeoIP: Beijing, China * Beijing Dian-Xin-Tong Network Technologies Co.",18,1533799947,6,cj,0,0,0,0,5B6BEE0C-DBEEA6E5-72C01E27-8C5-8F8
8,9,1,不敢有梦想的90后,2018-08-09 15:24:30,买不起房子，车子，还不让我们过得自在点了？,浙江杭州,36.24.70.195,"浙江省杭州市 电信 * GeoIP: Hangzhou, Zhejiang, China * China Telecom Hangzhou",21,1533799469,7,cj,0,0,0,0,5B6BEC2D-241846C3-13FF9ECED-8C5-944
9,10,1,映是喵星来的,2018-08-09 15:17:18,看评论就放心系列，笑死，年轻人的思想越来越清透,上海,58.38.103.9,"上海市 电信 * GeoIP: Shanghai, China * China Telecom Shanghai",23,1533799038,3,cj,0,0,0,0,5B6BEA7E-3A266709-A146CEB3-8C5-8D1
10,11,1,wassupMR,2018-08-09 15:16:47,[嘻嘻][嘻嘻][嘻嘻],英国苏格兰,5.151.179.147,"英国  * GeoIP: Glasgow, Glasgow City, United Kingdom * Cablecom Networking",27,1533799007,0,cj,0,1,0,0,5B6BEA5B-597B393-ABE727AE-8C5-82F
11,12,1,AmySssSun,2018-08-09 15:13:17,哈哈 我才看到,陕西西安,1.80.217.63,"陕西省西安市 电信 * GeoIP: Xian, Shaanxi, China * China Telecom SHAANXI",7,1533798797,0,cj,0,0,0,0,5B6BE98D-150D93F-6CA5D88D-8C5-8A7
12,13,1,家住石瑾,2018-08-09 15:08:11,买房才会背上巨额债务，没几个借钱买星巴克的吧[偷笑],泰国,1.47.79.171,"泰国  * GeoIP: Bangkok, Khon Kaen, Thailand * Total Access Communication PLC",26,1533798491,0,cj,0,0,0,0,5B6BE85B-12F4FAB-6ED66190-8C5-95B
13,14,1,巴黎门前的小铁匠,2018-08-09 15:02:42,有毒的文章 。,湖北咸宁,171.114.148.57,"湖北省咸宁市 电信 * GeoIP: Wuhan, Hubei, China * China Telecom",7,1533798162,0,cj,0,0,0,0,5B6BE70E-AB729439-A0260676-8C5-885
14,15,1,驴驴驴胖咩咩_,2018-08-09 14:58:05,让你媳妇儿生个娃吧，免你死罪,吉林,111.26.33.237,"吉林省 移动 * GeoIP: Changchun, Jilin, China * China Mobile",24,1533797885,0,cj,0,1,0,0,5B6BE5FA-6F1A21ED-85D2BBA1-8C5-875
15,16,1,用户138****6863,2018-08-09 14:47:28,年轻人不是国家的未来和希望吗，,山东济南,144.123.92.134,"山东省 电信 * GeoIP: Jinan, Shandong, China * China Telecom Shandong",15,1533797248,0,cj,0,0,2,0,5B6BE380-907B5C86-593A8E24855580BD-8C5-88A
16,17,1,不会笑的柴郡猫,2018-08-09 14:34:30,开心就好啊，摸摸,日本,126.196.61.172,日本  * GeoIP: Japan * Softbank BB,23,1533796470,0,cj,0,1,0,0,5B6BE075-7EC43DAC-71F96BAA-8C5-91E
17,18,1,木木徽,2018-08-09 14:30:12,媒体还要点脸吗？怎么不看看根本原因呢？,安徽合肥,112.32.75.133,安徽省合肥市 移动 * GeoIP: China * China Mobile Guangdong,19,1533796212,1,cj,0,0,0,0,5B6BDF6F-70204B85-8F5CBBF5-8C5-8BD
18,19,1,翔鹤-瑞鹤-赤城-加贺-苍龙-飞龙,2018-08-09 14:29:04,叫你们工作是用来赚钱上缴国家的，你们竟然去买星巴克提高生活水平，是可忍孰不可忍,法国,77.136.198.8,"法国  * GeoIP: Paris, Ile-de-France, France * SFR",39,1533796144,0,cj,0,0,0,0,5B6BDF2D-4D88C608-90D5C21C-8C5-8E0
19,20,1,巴吧嘟啦,2018-08-09 14:18:41,为经济危机背锅！系统性金融风险可不能怪消费，这是政策和贸易的问题,广东佛山,202.168.163.17,"广东省佛山市 视通宽带 * GeoIP: Jiangmen, Guangdong, China * Guangdong Cable Corporation Limited",32,1533795520,3,cj,0,0,0,0,5B6BDCC0-CAA8A311-141F51565-8C5-83A
20,21,2,仰望星空的wo牛,2018-09-01 19:51:29,17个点的增值税,广东深圳,117.136.79.134,"广东省佛山市 移动 * GeoIP: Shenzhen, Guangdong, China * China Mobile",18,1535802689,1,cj,0,0,0,0,5B8A7D3B-75884F86-933A384C-8C5-8EB
21,22,2,严家可爱豆,2018-08-28 22:05:46,哈哈,江西南昌,59.63.206.200,"江西省南昌市 电信 * GeoIP: Shanghai, China * China Telecom Jiangx province IDC network",2,1535465146,0,cj,0,0,0,0,5B8556B9-3B3FCEC8-17A974F37-8C5-8FE
22,23,2,顾小慢Catherine,2018-08-28 19:23:37,爸爸妈妈买房，说啃老。自己不买房，说没上进心。不生娃，说是自私。那是因为大部分90后的我们真的不富裕，没法一下子拿出几十百万买房子。这也会被说，为什么不努力工作？[皱眉]要我们怎样？,重庆,123.147.248.51,"重庆市 联通 * GeoIP: Chongqing, China * China Unicom Chongqing",91,1535455417,5,cj,0,0,0,0,5B8530B8-7B93F833-9D1A5728-8C5-88F
23,24,2,顾小慢Catherine,2018-08-28 19:23:25,80后买不起房，90后不想买房。 连交通信息卡都发的信用卡，现在又怪我们借贷过度，没有辛苦攒钱？ 我们努力工作，熬成秃头，辛辛苦苦赚钱想用用智能机，想旅旅游，也错了？不想辛辛苦苦攒钱还房贷，也错了？,重庆,123.147.248.51,"重庆市 联通 * GeoIP: Chongqing, China * China Unicom Chongqing",99,1535455405,4,cj,0,0,0,0,5B8530A9-7B93F833-9D1A5728-8C5-88F
24,25,2,依然是个黄油君,2018-08-26 15:33:55,十年前的媒体：当60岁的中国人终于攒到够钱买了个房子时，60岁的美国人则还清了住了30年房子的贷款。中国人只知道勤劳苦干的挣钱，而美国人则享受了幸福的一生。 现在的媒体：你们这些贷款的年轻人，正带领国家走向危机。 中国年轻人：？？？,四川雅安,218.6.135.167,"四川省雅安市 电信 * GeoIP: Chengdu, Sichuan, China * China Telecom Sichuan",116,1535268835,6,cj,0,0,0,0,5B8257E2-DA0687A7-74BDF935-8C5-8F7
25,26,2,bitzhyu,2018-08-26 00:58:18,从11年借到18年，说的不就是我嘛[doge],江苏南京,49.77.231.17,"江苏省南京市 电信 * GeoIP: Nanjing, Jiangsu, China * China Telecom jiangsu",23,1535216298,0,cj,0,0,0,0,5B818AA4-314DE711-A15ADE34-8C5-94D
26,27,2,傲娇免,2018-08-24 12:32:33,还有可以送孩子出国留学 然后 ……你懂了么,河南郑州,1.193.67.250,"河南省郑州市 电信 * GeoIP: Zhengzhou, Henan, China * China Telecom Henan",28,1535085153,0,cj,0,1,0,0,5B7F8A5E-1C143FA-15858CF94-8C5-9B7
27,28,2,傲娇免,2018-08-24 12:30:59,不懂啥 炒房可以发家致富 而你却拿来住 简直浪费 建议你有机会也去炒房 根本不用上班 天天吃喝玩乐 旅游自拍星巴克,河南郑州,1.193.67.250,"河南省郑州市 电信 * GeoIP: Zhengzhou, Henan, China * China Telecom Henan",72,1535085059,0,cj,0,1,0,0,5B7F8A03-1C143FA-15858CF94-8C5-9B7
28,29,2,Grazy木,2018-08-23 18:01:37,哦。[摊手][摊手][摊手],广东东莞,223.104.63.230,"广东省深圳市 移动 * GeoIP: Dongguan, Guangdong, China * China Mobile",14,1535018497,0,cj,0,0,0,0,5B7E85FD-DF683FE6-1765CAAC3-8C5-958
29,30,2,熊叔看过来,2018-08-23 01:52:25,买不起房还不让我喝星巴克？[doge],北京,114.246.128.70,"北京市 联通 * GeoIP: Beijing, China * China Unicom Beijing",19,1534960345,2,cj,0,0,0,0,5B7DA2D8-72F68046-13AF0ECE0-8C5-97A
30,31,2,稽莱织lydia,2018-08-22 19:35:32,哈哈哈哈哈哈,湖南长沙,119.39.248.59,"湖南省长沙市 联通 * GeoIP: Changsha, Hunan, China * China Unicom HuNan",19,1534937732,0,cj,0,1,0,0,5B7D4A82-7727F83B-629AF904-8C5-9A3
31,32,2,张儁乂,2018-08-22 13:39:05,家庭资产負债表的权益资本/总资产,广东广州,218.19.222.158,"广东省广州市 电信 * GeoIP: Guangzhou, Guangdong, China * China Telecom Guangdong",25,1534916344,0,cj,0,2,0,0,5B7CF6F8-DA13DE9E-63CE7B0C-8C5-8C9
32,33,2,杰仕_愚杰,2018-08-22 12:46:45,点计？,广东,223.104.63.89,"广东省深圳市 移动 * GeoIP: Guangzhou, Guangdong, China * China Mobile",10,1534913204,0,cj,0,1,0,0,5B7CEAB0-DF683F59-62A8DC24-8C5-9A5
33,34,2,_S_酒红,2018-08-20 22:34:49,人在家中坐，锅从天上来,浙江,112.17.239.4,"浙江省 移动 * GeoIP: Ningbo, Zhejiang, China * China Mobile",11,1534775689,0,cj,0,0,0,0,5B7AD187-7011EF04-14A2E4DC8-8C5-955
34,35,2,选择一条路然后一直走下去,2018-08-16 08:43:34,80900010就没有不垮掉的一代[跪了],青海西宁,111.44.141.9,"青海省 移动 * GeoIP: Xining, Qinghai, China * China Mobile Guangdong",31,1534380214,0,cj,0,2,0,0,5B74C8B3-6F2C8D09-12EEE6933-8C5-8CB
35,36,2,肥宅之王orz,2018-08-15 21:12:29,赞同哥们你说的，本来事实就是这样，非要在一线干活才叫吃得了苦？熬夜写代码的画图的做方案的读书学习的年轻人不在少数，他们不累不苦嘛。,陕西西安,113.200.204.73,"陕西省 联通 * GeoIP: Xian, Shaanxi, China * China Unicom Shannxi",74,1534338749,0,cj,0,11,0,0,5B7426BC-71C8CC49-14D2E179D-8C5-8E3
36,37,2,说个晚安吗,2018-08-15 17:42:03,[good][good][good],新疆,43.242.152.108,"新疆自治区 联通 * GeoIP: Shihezi, Xinjiang, China * China Unicom Xinjiang",36,1534326123,0,cj,0,1,0,0,5B73F569-2BF2986C-15B085F4C-8C5-868
37,38,2,绾起梨花月99,2018-08-14 21:29:01,我喝不起星巴克也买不起房[跪了][摊手][摊手][摊手][摊手],广西贵港,117.181.90.157,"广西自治区贵港市 移动 * GeoIP: Bailan, Guangxi, China * China Mobile Guangdong",32,1534253341,0,cj,0,0,0,0,5B72D918-75B55A9D-DBC80468-8C5-823
38,39,2,莱薇酱,2018-08-14 21:16:23,国家不是在愁人民消费不够么？？？？？？只允许买房买车和吃饭，不允许我们买手机？,北京,106.120.232.253,"北京市 电信 * GeoIP: Beijing, China * China Telecom Beijing",39,1534252583,0,cj,0,0,0,0,5B72D625-6A78E8FD-3BB9A3F2-8C5-8D4
39,40,2,点爱22306,2018-08-14 16:28:52,挣得多当然不用借，可现实呢,江西南昌,118.212.208.29,"江西省南昌市 联通 * GeoIP: Nanchang, Jiangxi, China * China Unicom Jiangxi",13,1534235332,0,cj,0,0,0,0,5B7292C4-76D4D01D-140CC9A62-8C5-860
40,41,3,is_话梅糖,2018-08-14 10:58:19,债务都是次月就还清了，能让年轻人背上巨债的唯有买房了吧，所以买房是不可能了，最大的心愿是和爱的人走遍世间美好的地方,内蒙古呼和浩特,220.195.66.87,"内蒙古自治区通辽市 联通 * GeoIP: Hohhot, Nei Mongol, China * China Unicom Liaoning",57,1534215499,0,cj,0,0,0,0,5B724547-DCC34257-DEC3AE86-8C5-803
41,42,3,斌斌有李有斌斌,2018-08-14 10:36:52,对呀  那就别生了,北京,223.104.3.203,"北京市 移动 * GeoIP: Beijing, China * China Mobile",9,1534214212,0,cj,0,0,0,0,5B724042-DF6803CB-8179BA95-8C5-850
42,43,3,吾耳音,2018-08-14 10:11:21,已举报,江苏徐州,122.194.162.147,"江苏省徐州市 联通 * GeoIP: Xuzhou, Jiangsu, China * China Unicom Jiangsu",3,1534212681,1,cj,0,0,0,0,5B723A46-7AC2A293-7590CA9D-8C5-85C
43,44,3,曲苑杂坛1,2018-08-14 08:13:58,买房才是好吗，根本无力偿还[doge],河北沧州,221.195.44.187,"河北省沧州市 联通 * GeoIP: Cangzhou, Hebei, China * China Unicom Liaoning",19,1534205638,0,cj,0,0,0,0,5B721EC2-DDC32CBB-13318C2D6-8C5-865
44,45,3,人-生-如-剧,2018-08-14 08:12:21,大家不要一提起借贷就想到买房，更严重的问题是，现在很多人借贷买奢侈品，借贷过比自己工资高几个档次的生活，我身边就很多，他们通常会觉得钱不够花是因为物价太高，但是物价再低的地方LV 也不会太便宜的，多落后的地方也会有高档餐厅的。,河南濮阳,123.101.124.113,"河南省濮阳市 电信 * GeoIP: Taipei, Fujian, China * China Telecom Henan",113,1534205541,0,cj,0,0,0,0,5B721E62-7B657C71-A4445FCA-8C5-867
45,46,3,为你而明,2018-08-14 07:30:05,"不能以偏概全哪。毕竟是少数，大多数都在积极向上！中国的""有钱人""多，那也是父母造就的，省吃俭用供孩子，做牛做马！我还是觉得年轻人应该早点独立，！",安徽亳州,36.4.239.179,"安徽省亳州市 电信 * GeoIP: Bozhou, Anhui, China * China Telecom Anhui",72,1534203005,1,cj,0,0,0,0,5B72147D-2404EFB3-673D236D-8C5-8B8
46,47,3,老实憨厚的阿强__,2018-08-14 06:56:54,独树一帜的评论,山东临沂,112.9.222.106,"山东省 移动 * GeoIP: Linyi, Shandong, China * China Mobile Shandong",18,1534201014,0,cj,0,1,0,0,5B720CB6-7009DE6A-14975F35A-8C5-951
47,48,3,房振东0418,2018-08-14 06:45:03,其实90后也嚯嚯了一小部分,山东滨州,112.252.15.193,"山东省滨州市 联通 * GeoIP: Binzhou, Shandong, China * China Unicom Shandong",19,1534200303,0,cj,0,2,0,0,5B7209ED-70FC0FC1-15362B2A5-8C5-86C
48,49,3,Song-Zheng,2018-08-13 23:39:29,刚满18岁建行就不止一次的打电话让我办信用卡，烦到直接拉黑了,宁夏,203.93.166.203,"宁夏自治区 联通 * GeoIP: Beijing, China * China Unicom Liaoning",39,1534174769,2,cj,0,1,0,0,5B71A62F-CB5DA6CB-80D48E28-8C5-92C
49,50,3,暗夜下的咏叹,2018-08-13 21:26:09,这锅不背,江西南昌,223.104.170.179,"江西省 移动 * GeoIP: Nanchang, Jiangxi, China * China Mobile Guangdong",4,1534166769,0,cj,0,0,0,0,5B7186EF-DF68AAB3-1537600E8-8C5-966
50,51,3,我一个人盼望着我们仨,2018-08-13 21:19:01,放你娘的屁，我看到的都是一帮朝气蓬勃的年轻人,浙江台州,113.214.212.78,"浙江省杭州市 华数 * GeoIP: Liaoning, China * Huashu media&Network Limited",22,1534166341,1,cj,0,0,0,0,5B718545-71D6D44E-15BACD1B8-8C5-8C3
51,52,3,邪魅BYLHX,2018-08-13 20:45:25,没办法啊，辛辛苦苦攒点钱都给骗光了，以后转换观念，借着吃吧,甘肃白银,60.165.77.79,"甘肃省兰州市 电信 * GeoIP: Lanzhou, Gansu, China * China Telecom Gansu",29,1534164325,0,cj,0,0,0,0,5B717D65-3CA54D4F-13923B49B-8C5-8FD
52,53,3,Sscallion,2018-08-13 19:58:30,真的有很多,上海,183.193.178.118,"上海市 移动 * GeoIP: Shanghai, China * Shanghai Mobile Communications Co.,Ltd.",12,1534161510,1,cj,0,1,0,0,5B717262-B7C1B276-9D5AC5D9-8C5-835
53,54,3,梦只剩想了,2018-08-13 18:53:27,嫂子微博是哪个，我艾特她一下,广东深圳,112.97.55.115,"广东省深圳市 联通 * GeoIP: Shenzhen, Guangdong, China * China Unicom Shenzen network",26,1534157607,0,cj,0,1,0,0,5B716326-70613773-69C6D1E5-8C5-867
54,55,3,恰似那场青春-Lxp,2018-08-13 18:35:02,你看，我就不买新款智能手机，星巴克，大牌衣服。。[摊手],河南开封,61.158.148.67,"河南省郑州市 联通 * GeoIP: Zhengzhou, Henan, China * China Unicom Henan",28,1534156502,0,cj,0,0,0,0,5B715ED2-3D9E9443-D909919C-8C5-8C5
55,56,3,么么小小荆儿,2018-08-13 17:31:07,考研英语每日一句的题目[喵喵][喵喵][喵喵][喵喵][喵喵][喵喵][喵喵][喵喵]@何凯文,湖北武汉,219.140.118.245,"湖北省武汉市 电信 * GeoIP: Wuhan, Hubei, China * China Telecom network in Wuhan city Hubei province",47,1534152667,0,cj,0,0,0,0,5B714FDB-DB8C76F5-1387D65FC-8C5-924
56,57,3,集序者,2018-08-13 16:53:48,甩的一口好锅,江西,117.136.60.92,"江西省 移动 * GeoIP: Jingdezhen, Jiangxi, China * China Mobile Guangdong",6,1534150428,1,cj,0,0,0,0,5B71471A-75883C5C-82355412-8C5-7E9
57,58,3,吃帆开,2018-08-13 16:51:30,6666，你买只能手机要贷款，要贷款的只有上天的房,湖南长沙,220.202.152.117,"湖南省 联通 * GeoIP: Changsha, Hunan, China * China Unicom Liaoning",25,1534150290,1,cj,0,0,0,0,5B714692-DCCA9875-156618224-8C5-801
58,59,3,没有标点符号真难,2018-08-13 16:15:23,房贷呢？,广东,223.104.63.90,"广东省深圳市 移动 * GeoIP: Guangzhou, Guangdong, China * China Mobile",4,1534148123,0,cj,0,0,0,0,5B713E1A-DF683F5A-E9D0D877-8C5-900
59,60,3,我是大兔子来了,2018-08-13 15:22:56,有因才有果,北京,180.149.134.10,"北京市 电信 * GeoIP: Beijing, China * ChinaTelecom Group Beijing Ltd,Co",5,1534144976,0,cj,0,0,0,0,5B7131D0-B495860A-745C5FEA-8C5-8EB
60,61,4,可千万勿虑啊,2018-08-13 14:55:10,不买星巴克我也买不起房[吃瓜],江苏南通,183.210.180.3,"江苏省南通市 移动 * GeoIP: Nantong, Jiangsu, China * China Mobile",23,1534143310,15,cj,0,1,0,0,5B712B4B-B7D2B403-18572396B-8C5-9E9
61,62,4,楚石pierre恋歌,2018-08-13 14:21:22,关你屁事,湖北潜江,117.152.126.160,"湖北省潜江市 移动 * GeoIP: Yichang, Hubei, China * China Mobile Guangdong",4,1534141282,0,cj,0,0,0,0,5B712361-75987EA0-1486D9A3F-8C5-922
62,63,4,9关心,2018-08-13 13:48:49,借贷生活可耻？说来给我解释一下美国人人借贷，国力第一,江西南昌,118.212.207.42,"江西省南昌市 联通 * GeoIP: Nanchang, Jiangxi, China * China Unicom Jiangxi",37,1534139329,2,cj,0,1,0,0,5B711BC0-76D4CF2A-162A037E8-8C5-97E
63,64,4,岁月-如烟,2018-08-13 13:04:25,照这思路责任肯定得由幼儿园小朋友承担啊。,北京东城,121.71.94.44,"北京市 鹏博士 * GeoIP: Beijing, China * Beijing Dian-Xin-Tong Network Technologies Co.",20,1534136665,1,cj,0,0,0,0,5B711158-79475E2C-16805A8BE-8C5-81A
64,65,4,Christopher_Nolan,2018-08-13 12:20:22,笑死了，某些人把车开翻了开始怪搭车的人了？,山东青岛,218.58.50.138,"山东省青岛市 联通 * GeoIP: Jinan, Shandong, China * China Unicom Liaoning",21,1534134022,1,cj,0,0,0,0,5B710702-DA3A328A-9046E59C-8C5-854
65,66,4,异人词,2018-08-13 10:38:13,文章咋没找到署名,澳大利亚,49.199.247.185,"澳大利亚  * GeoIP: Richmond, Victoria, Australia * Optus",8,1534127892,0,cj,0,0,0,0,5B70EF14-31C7F7B9-67928923-8C5-8D8
66,67,4,芹菜蘑菇猪肉馅饺子,2018-08-13 10:23:38,炒房价炒上天发现没人买了说没消费力，zz,福建福州,59.56.14.150,"福建省福州市 电信 * GeoIP: Fuzhou, Fujian, China * China Telecom fujian",20,1534127018,0,cj,0,0,0,0,5B70EBA6-3B380E96-13D51A8AA-8C5-916
67,68,4,中华第一桶桶桶,2018-08-13 10:16:35,那可鬼知道，不管房价什么情况，无所谓，反正买不起房，也供不起房贷,广东广州,112.96.70.164,"广东省广州市 联通 * GeoIP: Guangzhou, Guangdong, China * China Unicom Guangzhou network",47,1534126595,0,cj,0,2,0,0,5B70EA02-706046A4-171556B2C-8C5-8F3
68,69,4,chao恒星,2018-08-13 09:08:51,特意搜出来diss你一下,浙江杭州,183.246.17.226,"浙江省杭州市 移动 * GeoIP: Shanghai, China * China Mobile",12,1534122531,0,cj,0,0,0,0,5B70DA22-B7F611E2-14542979A-8C5-85E
69,70,4,苍背岭阿扭九,2018-08-13 08:18:58,年轻人才是中国的希望,广西,223.104.90.6,"广西自治区 移动 * GeoIP: Nanning, Guangxi, China * China Mobile Guangdong",10,1534119538,0,cj,0,0,0,0,5B70CE6F-DF685A06-1387592CF-8C5-8F5
70,71,4,大大大face张,2018-08-13 08:13:21,@Big-dog-杨磊 看评论,四川成都,117.136.62.10,"四川省成都市 移动 * GeoIP: Chengdu, Sichuan, China * China Mobile Guangdong",15,1534119201,0,cj,0,0,0,0,5B70CD1E-75883E0A-AA18AE70-8C5-8E4
71,72,4,看想了了了,2018-08-13 07:18:48,中国过去四十年，以50，60，70为主流的社会人群，没有积累起足够的技术积累，没有完善好相应的制度。如今积重难翻，是千禧一代消费导致的。国家核心竞争力从数控机床到计算机核心部件在过去的40年间，我们有无数个机会可以追上，错失机会的人是千禧一代吗？,山西太原,183.185.245.239,"山西省太原市 联通 * GeoIP: Taiyuan, Shanxi, China * sxty-haozhuang2-BAS",123,1534115928,2,cj,0,0,0,0,5B70C057-B7B9F5EF-D59DE686-8C5-873
72,73,4,我脱离低级趣味很久了,2018-08-13 06:14:27,愚蠢,美国新泽西州,100.8.206.156,"美国  * GeoIP: Jersey City, New Jersey, United States * Verizon Fios",2,1534112067,0,cj,0,0,0,0,5B70B142-6408CE9C-139908369-8C5-8A7
73,74,4,Piggy_Ichigo,2018-08-13 02:32:53,真的有意思，买包刷信用卡叫借债，买房贷款就不叫借债了，有意思。,上海,180.158.83.177,"上海市 电信 * GeoIP: Shanghai, China * China Telecom Shanghai",31,1534098772,0,cj,0,0,0,0,5B707D54-B49E53B1-131E1F400-8C5-8D0
74,75,4,王善良的春天,2018-08-13 01:21:44,规矩是你定的，怪年轻人干什么,宁夏银川,106.45.115.106,"宁夏自治区银川市 电信 * GeoIP: Yinchuan, Ningxia, China * China Telecom ningxia",14,1534094504,0,cj,0,0,0,0,5B706CA6-6A2D736A-12B50518F-8C5-7B9
75,76,4,不要掉发啊,2018-08-13 00:57:47,衮，年轻人不背这锅,广东韶关,113.75.241.132,"广东省韶关市 电信 * GeoIP: Shaoguan, Guangdong, China * China Telecom Guangdong",9,1534093067,0,cj,0,0,0,0,5B70670B-714BF184-BD24940C-8C5-88E
76,77,4,梁老师烤串儿,2018-08-13 00:18:46,不要把什么锅都推给千禧一代,山东威海,223.81.204.111,"山东省威海市 移动 * GeoIP: Weihai, Shandong, China * China Mobile Shandong",13,1534090726,0,cj,0,0,0,0,5B705DE5-DF51CC6F-13392DC26-8C5-858
77,78,4,写字楼对面起的名,2018-08-12 23:35:23,看着标题就来气,河南开封,61.158.148.92,"河南省郑州市 联通 * GeoIP: Zhengzhou, Henan, China * China Unicom Henan",7,1534088123,0,cj,0,0,0,0,5B7053BA-3D9E945C-169273A24-8C5-8A8
78,79,4,眼睛里的你5,2018-08-12 22:53:03,我可没借贷哦！那可是无底洞。有多少钱就过怎样的生活[吃瓜],浙江温州,112.12.156.37,"浙江省温州市 移动 * GeoIP: Wenzhou, Zhejiang, China * China Mobile",40,1534085583,0,cj,0,1,0,0,5B7049CE-700C9C25-139B671F7-8C5-7F1
79,80,4,他的名字叫做父亲,2018-08-12 22:01:25,拖垮？老子房子都买不起，给我说拖垮。拖垮了再说吧。,贵州贵阳,221.13.1.149,"贵州省贵阳市 联通 * GeoIP: Guiyang, Guizhou, China * China Unicom Guizhou",25,1534082485,0,cj,0,0,0,0,5B703DB5-DD0D0195-610FF7D9-8C5-866
80,81,5,数码小驴,2018-08-12 19:51:07,小编，你在供房不？觉得可耻吗？,广东广州,117.136.12.88,"广东省广州市 移动 * GeoIP: Guangzhou, Guangdong, China * China Mobile",15,1534074667,0,cj,0,0,0,0,5B701F29-75880C58-70B30448-8C5-924
81,82,5,祖国花朵是造型师,2018-08-12 18:51:21,从90开始是分界线，90以前有钱没素质，能扛起国家大旗的人很少，90以后的素质提高的不是一点点，但能扛起国家大旗的人更少了，大家都知道什么原因吧。,辽宁丹东,123.186.216.201,"辽宁省丹东市 电信 * GeoIP: Dandong, Liaoning, China * China Telecom Liaoning",73,1534071081,0,cj,0,0,0,0,5B701127-7BBAD8C9-167A18973-8C5-957
82,83,5,楼下集合,2018-08-12 17:53:43,我要有这本事，还等到今天？,河北,223.104.101.182,"河北省沧州市 移动 * GeoIP: Qinhuangdao, Hebei, China * Hebei Mobile Communication Company Limited",13,1534067623,0,cj,0,0,0,0,5B7003A1-DF6865B6-A3CAF435-8C5-89A
83,84,5,酒九k,2018-08-12 17:51:40,厉害,四川达州,118.117.189.40,"四川省达州市 电信 * GeoIP: Chengdu, Sichuan, China * China Telecom Sichuan",11,1534067500,0,cj,0,1,0,0,5B700329-7675BD28-17B494D22-8C5-831
84,85,5,twitter治国第一人,2018-08-12 17:21:51,90后拼死拼活[悲伤],山东,223.104.186.88,"山东省 移动 * GeoIP: Jinan, Shandong, China * China Mobile Shandong",11,1534065711,0,cj,0,0,0,0,5B6FFC2F-DF68BA58-154AE7B22-8C5-8C8
85,86,5,W-杰狗儿,2018-08-12 16:46:40,那还喊多生，生更多的年轻人来当祸害？[黑线] 砖家们，你们的思维超越银河系了啊。。。！！！,重庆,119.86.46.38,"重庆市 电信 * GeoIP: Chongqing, China * China Telecom Chongqing",45,1534063600,0,cj,0,0,0,0,5B6FF3EF-77562E26-E4546BBA-8C5-7EC
86,87,5,瑾爱诗,2018-08-12 13:49:55,有有有[喵喵],黑龙江哈尔滨,113.5.3.100,"黑龙江省哈尔滨市 联通 * GeoIP: Haerbin, Heilongjiang, China * China Unicom Heilongjiang",19,1534052995,0,cj,0,3,0,0,5B6FCA83-71050364-D88A9D1C-8C5-871
87,88,5,素简2016,2018-08-12 12:51:30,操心不少啊,上海,180.172.65.196,"上海市 电信 * GeoIP: Shanghai, China * China Telecom Shanghai",5,1534049490,0,cj,0,0,0,0,5B6FBCCF-B4AC41C4-429BE7F1-8C5-7D7
88,89,5,TrailBlaaaazer,2018-08-12 12:43:38,啊？,日本滋贺县,126.247.142.230,"日本  * GeoIP: Tokyo, Japan * Softbank BB",13,1534049018,0,cj,0,2,0,0,5B6FBAF9-7EF78EE6-6C33BB2D-8C5-8D3
89,90,5,陈鬼23993,2018-08-12 11:48:50,哈哈哈，大v你好,广东广州,124.15.191.12,"海南省海口市 鹏博士 * GeoIP: Beijing, China * BeiJing Guoxin bilin Telecom Technology Co.,Ltd",17,1534045730,0,cj,0,1,0,0,5B6FAE1F-7C0FBF0C-14567E8D8-8C5-8A6
90,91,5,大大大大大大斯兄先森,2018-08-12 11:18:13,谁带领谁呢[并不简单],江苏常州,222.185.232.211,"江苏省常州市 电信 * GeoIP: Changzhou, Jiangsu, China * institute of traditional chinese medicine of jinta",11,1534043893,0,cj,0,0,0,0,5B6FA6F4-DEB9E8D3-A67DFCD9-8C5-86B
91,92,5,追逐阳光zh,2018-08-12 11:10:06,年轻人不傻,河北石家庄,223.104.13.62,"河北省石家庄市 移动 * GeoIP: Shijiazhuang, Hebei, China * Hebei Mobile Communication Company Limited",5,1534043406,0,cj,0,0,0,0,5B6FA50D-DF680D3E-150AF2627-8C5-897
92,93,5,李怀远JEESE,2018-08-12 10:44:38,哦，原来是这届年轻人不行。,山东青岛,223.80.237.5,"山东省青岛市 移动 * GeoIP: Qingdao, Shandong, China * China Mobile Shandong",13,1534041878,2,cj,0,0,0,0,5B6F9F15-DF50ED05-AF552CD1-8C5-937
93,94,5,香草拌饭,2018-08-12 10:11:55,ok 难以置信的自我认知,广西南宁,117.181.21.207,"广西自治区南宁市 移动 * GeoIP: Nanning, Guangxi, China * China Mobile Guangdong",12,1534039915,0,cj,0,0,0,0,5B6F976A-75B515CF-18164437D-8C5-956
94,95,5,1995年的马克斯,2018-08-12 10:10:54,你这同志想的不错，这样就算一生不为私利，把自己完完全全的奉献给国家。死后能用这个题材拍的电影，当代雷锋,河北,221.192.179.24,"河北省石家庄市 联通 * GeoIP: Shijiazhuang, Hebei, China * China Unicom Liaoning",61,1534039854,1,cj,0,2,0,0,5B6F972E-DDC0B318-145C4A0F7-8C5-8F4
95,96,5,ASenhora,2018-08-12 09:55:10,开始忽悠你生二胎三胎呢！,广东广州,118.196.55.223,"广东省佛山市 鹏博士 * GeoIP: Beijing, China * Beijing Dian-Xin-Tong Network Technologies Co.",12,1534038910,0,cj,0,0,0,0,5B6F937B-76C437DF-1419E5EF7-8C5-886
96,97,5,努力做一个成功的好人VS,2018-08-12 09:06:55,举报他，发布不实信息不良信息,北京,123.125.104.220,"北京市 联通 * GeoIP: Beijing, China * China Unicom Beijing",14,1534036015,0,cj,0,0,0,0,5B6F882F-7B7D68DC-E410B8F2-8C5-931
97,98,5,蘑菇镇的马丽奥,2018-08-12 08:14:30,有钱的三胎都可以生，但要苦哈哈地还房贷养孩子养父母的生二胎，我觉得就是想不开了。当然很多人问我为什么那么想得开不生呢。,山东德州,111.34.10.147,"山东省德州市 移动 * GeoIP: Dezhou, Shandong, China * China Mobile Shandong",70,1534032870,0,cj,0,4,0,0,5B6F7BE5-6F220A93-68F2F257-8C5-80E
98,99,5,汤佳睿同学super,2018-08-12 08:11:30,？？？,吉林长春,124.234.189.154,"吉林省长春市 电信 * GeoIP: Changchun, Jilin, China * China Telecom JILIN",3,1534032690,0,cj,0,0,0,0,5B6F7B30-7CEABD9A-BF0C2A90-8C5-8FF
99,100,5,随意开火午时已到,2018-08-12 08:09:00,星巴克不好喝,湖北武汉,171.43.249.128,"湖北省武汉市 电信 * GeoIP: Wuhan, Hubei, China * China Telecom",6,1534032540,0,cj,0,0,0,0,5B6F7A9A-AB2BF980-C46806C5-8C5-924
100,101,6,OIZAL,2018-08-12 07:26:29,其实只要自己开心 怎么样都可以的,黑龙江哈尔滨,117.136.7.227,"黑龙江省哈尔滨市 移动 * GeoIP: Harbin, Heilongjiang, China * HeiLongJiang Mobile Communication Company Limited",26,1534029989,0,cj,0,2,0,0,5B6F70A4-758807E3-974C0D32-8C5-A09
101,102,6,奥巴马的小情人,2018-08-12 06:50:53,回复 @蘑菇镇的马丽奥:生二胎也许不是想不开而是真有钱,吉林松原,222.169.75.70,"吉林省松原市 电信 * GeoIP: Changchun, Jilin, China * China Telecom JILIN",27,1534027853,0,cj,0,3,0,0,5B6F684D-DEA94B46-73D59CCF-8C5-8D0
102,103,6,徐正溪的牛牛,2018-08-12 03:11:12,我见过站路边发信用卡的[二哈]就跟不要成本一样,湖北随州,116.210.239.163,"湖北省随州市 电信 * GeoIP: Guangshui, Hubei, China * China Telecom Hubei",35,1534014672,0,cj,0,3,0,0,5B6F34CE-74D2EFA3-16A05D2DE-8C5-945
103,104,6,徐正溪的牛牛,2018-08-12 03:07:25,要是永久产权就好了[笑cry][笑cry][笑cry][允悲][二哈],湖北随州,116.210.239.163,"湖北省随州市 电信 * GeoIP: Guangshui, Hubei, China * China Telecom Hubei",45,1534014445,0,cj,0,1,0,0,5B6F33EB-74D2EFA3-16A05D2DE-8C5-945
104,105,6,徐正溪的牛牛,2018-08-12 03:05:27,所以我们大批年轻人不想生孩子，又有人说我们自私[笑cry][笑cry][笑cry],湖北随州,116.210.239.163,"湖北省随州市 电信 * GeoIP: Guangshui, Hubei, China * China Telecom Hubei",50,1534014327,7,cj,0,2,0,0,5B6F3377-74D2EFA3-16A05D2DE-8C5-945
105,106,6,徐正溪的牛牛,2018-08-12 03:03:56,然后卖房子进医院[笑cry][笑cry][笑cry][允悲],湖北随州,116.210.239.163,"湖北省随州市 电信 * GeoIP: Guangshui, Hubei, China * China Telecom Hubei",43,1534014236,4,cj,0,1,0,0,5B6F331B-74D2EFA3-16A05D2DE-8C5-945
106,107,6,杨哥7186,2018-08-12 01:11:34,对对对，让所有的钱都流通在企业家手里和人民之间，千万别把钱买房子[微笑][微笑],山西,117.136.90.64,"山西省太原市 移动 * GeoIP: Taiyuan, Shanxi, China * China Mobile",50,1534007494,0,cj,0,1,0,0,5B6F18C6-75885A40-149C7C8D1-8C5-8A0
107,108,6,杨哥7186,2018-08-12 01:08:47,对，年青人就是为上层舒服的，这就是他们想要的。,山西,117.136.90.64,"山西省太原市 移动 * GeoIP: Taiyuan, Shanxi, China * China Mobile",34,1534007327,6,cj,0,1,0,0,5B6F1819-75885A40-149C7C8D1-8C5-8A0
108,109,6,杨哥7186,2018-08-12 01:06:38,什么事情都有比例。至少80的人买不起。现在每天上班多累没数嘛？？难道辛辛苦苦工作一辈子赚的钱都扔进房子？每天省吃俭用？房贷还完了也差不多走了？我也选择好好玩。,山西,117.136.90.64,"山西省太原市 移动 * GeoIP: Taiyuan, Shanxi, China * China Mobile",89,1534007198,13,cj,0,1,0,0,5B6F179E-75885A40-149C7C8D1-8C5-8A0
109,110,6,杨哥7186,2018-08-12 00:53:26,新时代，新观念。西方国家有的人就是租房一辈子。只要有本事，为什么不能一直更换城市，更换工作？反而让一个房子把自己固定在一个地方？？  等吧，可能很长久，当中国人对房子的概念改变了，就是楼市崩盘的时候。  为什么不定产就必须是房子呢？为什么就抄上去了呢？还是国人太在乎房子这个概念了,山西,117.136.90.64,"山西省太原市 移动 * GeoIP: Taiyuan, Shanxi, China * China Mobile",149,1534006406,0,cj,0,1,0,0,5B6F1484-75885A40-149C7C8D1-8C5-8A0
110,111,6,zeke_mendez,2018-08-12 00:37:57,从前大户人家养了一群驴拉磨，后来驴发现不管多努力，顶多多得到主人赏的两根胡萝卜，所以后来的年轻驴就每天拉够圈数就去旅游，结果主任专门贴了告示批评这种驴不上进,辽宁沈阳,59.44.12.12,"辽宁省沈阳市 电信 * GeoIP: Shenyang, Liaoning, China * YouXianDianShi-SY-LN",78,1534005477,0,cj,0,0,0,0,5B6F10E4-3B2C0C0C-1421DE9B8-8C5-927
111,112,6,霜纹鱼,2018-08-12 00:10:26,这和媒体的物质主义导向也有很大关系，除了央视还是主流价值观以外，其他哪个电视台不天天宣传高富帅，白富美,上海,222.69.250.252,"上海市 电信 * GeoIP: Shanghai, China * China Telecom Shanghai",51,1534003826,13,cj,0,0,0,0,5B6F0A71-DE45FAFC-6FA358B2-8C5-8D9
112,113,6,alassock,2018-08-11 20:53:22,？？？看來我們中國每一代都是「垮掉的一代」呀[doge],广东佛山,183.27.152.124,"广东省佛山市 电信 * GeoIP: Foshan, Guangdong, China * China Telecom Guangdong",28,1533992001,0,cj,0,0,0,0,5B6EDC3D-B71B987C-A71CB6BC-8C5-89D
113,114,6,2H-reindeer,2018-08-11 19:20:20,哈哈哈哈我也想说哈哈哈哈嗝,河北邢台,101.16.26.68,"河北省邢台市 联通 * GeoIP: Hebei, China * China Unicom Hebei",13,1533986420,0,cj,0,1,0,0,5B6EC672-65101A44-1524A397D-8C5-92C
114,115,6,每日一茶蛋,2018-08-11 19:18:13,？？？你怎么看哥哥还溜号！！！！,黑龙江牡丹江,113.7.118.189,"黑龙江省 联通 * GeoIP: Mudanjiang, Heilongjiang, China * China Unicom Heilongjiang",16,1533986293,0,cj,0,0,0,0,5B6EC5F5-710776BD-14957F06C-8C5-8B4
115,116,6,没关系是边咸咸呀,2018-08-11 19:15:04,看着演唱会还刷微博，社会社会[跪了][跪了],天津,36.106.19.1,"天津市 电信 * GeoIP: Tianjin, China * China Telecom TIANJIN",22,1533986104,0,cj,0,0,0,0,5B6EC538-246A1301-13B7DE86B-8C5-947
116,117,6,我阿訇打钱,2018-08-11 17:15:13,[费解][费解][费解],青海海南藏族自治州,36.100.157.102,"青海省海南州 电信 * GeoIP: Hangzhou, Zhejiang, China * China Telecom",31,1533978913,3,cj,0,5,0,0,5B6EA91F-24649D66-17A3D8EEA-8C5-8D1
117,118,6,TKK_Questioning,2018-08-11 17:04:20,那你以为不单身就能避免？,安徽合肥,36.7.153.141,"安徽省合肥市 电信 * GeoIP: Hefei, Anhui, China * China Telecom Anhui",21,1533978260,22,cj,0,4,0,0,5B6EA690-2407998D-1343F7922-8C5-877
118,119,6,碌碌无为的困难群众,2018-08-11 16:29:58,谢谢,山西太原,113.27.238.138,"山西省太原市 电信 * GeoIP: Xian, Shaanxi, China * China Telecom shangxi",21,1533976198,0,cj,0,0,0,0,5B6E9E84-711BEE8A-1796C1F18-8C5-90D
119,120,6,竖纹AdaIX,2018-08-11 14:25:19,想去声援你 结果发不出🌚,广东广州,183.234.62.211,"广东省广州市 移动 * GeoIP: Guangzhou, Guangdong, China * China Mobile",13,1533968719,0,cj,0,0,0,0,5B6E814B-B7EA3ED3-72E25C17-8C5-953
120,121,7,猫切,2018-08-11 13:02:03,锅太大，接不住,广东深圳,14.17.22.33,"广东省深圳市 电信 * GeoIP: Shenzhen, Guangdong, China * China Telecom (Group)",7,1533963723,0,cj,0,0,0,0,5B6E6DCB-E111621-3E5F4FAE-8C5-8EE
121,122,7,静静坨silence,2018-08-11 09:17:48,[允悲][允悲]…,湖南,117.136.89.122,"湖南省 移动 * GeoIP: Changsha, Hunan, China * China Mobile",9,1533950268,0,cj,0,0,0,0,5B6E393A-7588597A-994EDC9C-8C5-921
122,123,7,空空卡卡,2018-08-11 08:30:12,居然这么说我们年轻人[嘿哈],四川成都,101.206.166.34,"四川省成都市 联通 * GeoIP: Chengdu, Sichuan, China * UNICOM Sichuan",14,1533947412,0,cj,0,0,0,0,5B6E2E12-65CEA622-57018627-8C5-846
123,124,7,Kun-Gong,2018-08-10 23:04:35,老了,浙江,112.17.237.198,"浙江省 移动 * GeoIP: Hangzhou, Zhejiang, China * China Mobile",2,1533913475,0,cj,0,0,0,0,5B6DA983-7011EDC6-637C89FA-8C5-815
124,125,7,慕玖鲸Helena,2018-08-10 21:50:07,我觉得这条博就是一个笑话……,广西南宁,116.8.58.204,"广西自治区河池市 电信 * GeoIP: Nanning, Guangxi, China * China Telecom Guangxi",26,1533909007,0,cj,0,1,0,0,5B6D980A-74083ACC-E294C386-8C5-8D3
125,126,7,天高路远,2018-08-10 21:25:09,到底该不该透支消费？专家统一一下意见，在线等，急。,浙江杭州,112.10.50.208,"浙江省杭州市 移动 * GeoIP: Hangzhou, Zhejiang, China * China Mobile",25,1533907509,0,cj,0,0,0,0,5B6D9234-700A32D0-63E5B9FC-8C5-863
126,127,7,右边耳垂上有颗痣,2018-08-10 19:58:11,拜托，我买再多手机穿再多名牌喝再多星巴克都没一个房贷债务高吧。推责任推这么心安理得恶不恶心啊。,山西长治,60.220.61.84,"山西省长治市 联通 * GeoIP: Changzhi, Shanxi, China * China Unicom Shanxi",47,1533902291,0,cj,0,0,0,0,5B6D7DD3-3CDC3D54-12D665286-8C5-8AA
127,128,7,dddyqqq_,2018-08-10 19:57:24,你们反省一下，不要做历史的罪人[笑而不语],上海,180.160.176.173,"上海市 电信 * GeoIP: Shanghai, China * China Telecom Shanghai",38,1533902244,0,cj,0,3,0,0,5B6D7DA2-B4A0B0AD-41AB47DC-8C5-825
128,129,7,迷野路,2018-08-10 18:47:11,茶水费还是买房嘛(ಡωಡ),湖北武汉,58.49.196.143,"湖北省武汉市 电信 * GeoIP: Wuhan, Hubei, China * China Telecom Hubei",26,1533898031,0,cj,0,1,0,0,5B6D6D30-3A31C48F-99E8222F-8C5-979
129,130,7,liang个人的天荒地老,2018-08-10 18:47:06,放你🐴屁,江苏徐州,114.234.162.185,"江苏省徐州市 电信 * GeoIP: Xuzhou, Jiangsu, China * China Telecom jiangsu",5,1533898026,0,cj,0,0,0,0,5B6D6D25-72EAA2B9-13B120CC0-8C5-80E
130,131,7,Soy_Kayakachi,2018-08-10 17:47:02,Reply @dddyqqq_:我就借借花呗和白条，他是透支信用卡[doge],上海,223.104.212.221,"中国 移动 * GeoIP: Shanghai, China * Shanghai Mobile Communications Co.,Ltd.",39,1533894422,0,cj,0,2,0,0,5B6D5F16-DF68D4DD-181DEF0A4-8C5-7F4
131,132,7,回龙观观主王二狗,2018-08-10 16:40:26,没那么多的，老铁，办个会员卡还买一送一呢,江苏泰州,112.20.12.194,"江苏省泰州市 移动 * GeoIP: Beijing, China * China Mobile",36,1533890426,16,cj,0,1,0,0,5B6D4F78-70140CC2-145817E37-8C5-82E
132,133,7,-金牛男的冬天-,2018-08-10 16:29:59,你是90后吧？,上海,118.242.19.178,"上海市 翰威科技 * GeoIP: Shanghai, China * China Telecom Shanghai",7,1533889799,0,cj,0,0,0,0,5B6D4D07-76F213B2-89D0B61E-8C5-9DD
133,134,7,砸砸阿,2018-08-10 15:45:19,[doge]你这样很危险啊,江苏南京,222.94.250.230,"江苏省南京市 电信 * GeoIP: Nanjing, Jiangsu, China * China Telecom jiangsu",22,1533887119,1,cj,0,1,0,0,5B6D428F-DE5EFAE6-16BA603D7-8C5-860
134,135,7,踏雪啸长歌,2018-08-10 15:44:53,买不起房结不起婚生不起孩子[泪]还有一个郭姓胖子天天想从我兜里面骗钱,江西南昌,223.104.10.46,"江西省 移动 * GeoIP: Nanchang, Jiangxi, China * China Mobile Guangdong",34,1533887093,2,cj,0,0,0,0,5B6D4274-DF680A2E-14F0F8038-8C5-8CF
135,136,7,砸砸阿,2018-08-10 15:44:28,[doge]可能是70后写出来的,江苏南京,222.94.250.230,"江苏省南京市 电信 * GeoIP: Nanjing, Jiangsu, China * China Telecom jiangsu",25,1533887068,1,cj,0,1,0,0,5B6D4258-DE5EFAE6-16BA603D7-8C5-860
136,137,7,阿秋秋呀-,2018-08-10 15:41:21,[吃瓜]我发现这群人真有意思什么锅都能往年轻人头上扣 80.90.00后都被扣了个遍,湖北黄冈,171.41.16.110,"湖北省黄冈市 电信 * GeoIP: Wuxue, Hubei, China * China Telecom",42,1533886881,2,cj,0,0,0,0,5B6D41A1-AB29106E-132C7A131-8C5-915
137,138,7,貘無,2018-08-10 15:09:54,前几天还有个标题，“老年人正在带领国家走向危机”。[允悲],四川成都,171.214.241.121,"四川省成都市 电信 * GeoIP: Chengdu, Sichuan, China * China Telecom Sichuan",29,1533884994,1,cj,0,0,0,0,5B6D3A41-ABD6F179-DFDA135E-8C5-922
138,139,7,我阿訇打钱,2018-08-10 14:33:58,你以为单身就能避免财务危机？？？,青海海南藏族自治州,110.167.20.163,"青海省海南州 电信 * GeoIP: Xining, Qinghai, China * China Telecom Qinghai",25,1533882838,9,cj,0,3,0,0,5B6D31D2-6EA714A3-17A3D8EEA-8C5-8D1
139,140,7,鐪熺悊_56821,2018-08-10 14:31:51,10年前贷款买房的人都赚翻了，把钱存银行的，都傻眼了对吧？提前消费，贷款消费，对拉动内需意义重大，如果大家只存钱不贷款银行就憋死了。,上海,222.72.135.177,"上海市 电信 * GeoIP: Shanghai, China * China Telecom Shanghai",66,1533882711,1,cj,0,0,0,0,5B6D3157-DE4887B1-E9BD67F2-8C5-91F
140,141,8,子豆爱,2018-08-10 14:01:44,你还是25岁的,辽宁抚顺,182.204.168.94,"辽宁省 电信 * GeoIP: Shenyang, Liaoning, China * China Telecom Liaoning",14,1533880903,0,cj,0,1,0,0,5B6D2A44-B6CCA85E-50F84847-8C5-83E
141,142,8,biancasaidsaid,2018-08-10 13:48:39,评论亮了,江苏徐州,223.104.147.141,"江苏省 移动 * GeoIP: Yangzhou, Jiangsu, China * China Mobile",4,1533880119,2,cj,0,0,0,0,5B6D2736-DF68938D-17CD972AB-8C5-8F6
142,143,8,三月雨-微茫,2018-08-10 12:55:40,我家人告诉我不能去借，就算自己过得苦些,北京,180.149.134.10,"北京市 电信 * GeoIP: Beijing, China * ChinaTelecom Group Beijing Ltd,Co",19,1533876940,0,cj,0,0,0,0,5B6D1ACC-B495860A-14E59F45A-8C5-8A4
143,144,8,大魔王oo,2018-08-10 12:48:24,畸形的是你,广东广州,121.14.14.214,"广东省广州市 电信 * GeoIP: Guangzhou, Guangdong, China * China Telecom Guangdong",14,1533876504,55,cj,0,2,0,0,5B6D1917-790E0ED6-1301794BC-8C5-912
144,145,8,-_Ephemeral,2018-08-10 12:48:06,看评论@_Transitory,浙江绍兴,124.160.214.89,"浙江省杭州市 联通 * GeoIP: Hangzhou, Zhejiang, China * China Unicom Zhejiang",15,1533876486,0,cj,0,0,0,0,5B6D1903-7CA0D659-93E8479D-8C5-9E8
145,146,8,十陵第一建筑施工队,2018-08-10 12:42:49,请先酝酿一下下,四川内江,182.145.7.204,"四川省内江市 电信 * GeoIP: Chengdu, Sichuan, China * China Telecom Sichuan",21,1533876169,1,cj,0,1,0,0,5B6D17C8-B69107CC-170CCB600-8C5-907
146,147,8,李太泽,2018-08-10 12:40:11,这个年轻人已经指向00后了 像我们这种80后90后 已经不属于这个区间了[二哈],天津,117.8.141.162,"天津市 联通 * GeoIP: Tianjin, China * China Unicom Tianjin",40,1533876011,0,cj,0,0,0,0,5B6D1727-75088DA2-9FBBC171-8C5-925
147,148,8,大中华999,2018-08-10 12:24:02,值得反思,山东淄博,223.96.144.75,"山东省淄博市 移动 * GeoIP: Zibo, Shandong, China * China Mobile Shandong",4,1533875042,0,cj,0,0,0,0,5B6D1363-DF60904B-8A9161B9-8C5-809
148,149,8,C青芒不贰,2018-08-10 12:01:50,谁说一定要成家了,福建三明,121.206.167.159,"福建省三明市 电信 * GeoIP: Sanming, Fujian, China * China Telecom fujian",17,1533873710,52,cj,0,2,0,0,5B6D0E2B-79CEA79F-138458A2F-8C5-906
149,150,8,爱吃大米饭的小酒量,2018-08-10 12:00:41,70%的千禧一代都是有房的,四川成都,182.138.95.145,"四川省成都市 电信 * GeoIP: Mianyang, Sichuan, China * China Telecom Sichuan",13,1533873641,0,cj,0,0,0,0,5B6D0DE5-B68A5F91-16E5958E1-8C5-8A7
150,151,8,MchermlkoIM,2018-08-10 11:43:03,780连坐出,重庆,119.85.27.80,"重庆市 电信 * GeoIP: Chongqing, China * China Telecom Chongqing",6,1533872583,0,cj,0,0,0,0,5B6D09C6-77551B50-134F587F0-8C5-8E8
151,152,8,Mickey君_,2018-08-10 11:08:42,那我等xs[笑而不语][笑而不语],内蒙古通辽,223.104.178.228,"内蒙古自治区 移动 * GeoIP: Tongliao, Nei Mongol, China * China Mobile Guangdong",32,1533870522,0,cj,0,3,0,0,5B6D01BA-DF68B2E4-177D4BA5D-8C5-8EA
152,153,8,EnVyUs丶rice,2018-08-10 11:05:54,等等，xs出呀,内蒙古赤峰,222.74.251.86,"内蒙古自治区赤峰市 电信 * GeoIP: Baotou, Nei Mongol, China * China Telecom neimeng",19,1533870354,0,cj,0,2,0,0,5B6D0111-DE4AFB56-1674AEBF6-8C5-883
153,154,8,VV小伍兒,2018-08-10 10:12:17,国家不是一直都是在X的带领下前进吗[小黄人得意],四川成都,171.210.128.120,"四川省 电信 * GeoIP: Chengdu, Sichuan, China * China Telecom Sichuan",24,1533867137,3,cj,0,0,0,0,5B6CF480-ABD28078-ACFBF41D-8C5-88B
154,155,8,江阿寒,2018-08-10 09:35:53,我都是买了带走…,广东广州,221.177.253.28,"广东省广州市 移动 * GeoIP: Shenzhen, Guangdong, China * China Mobile",8,1533864953,0,cj,0,0,0,0,5B6CEBF7-DDB1FD1C-18532C2AF-8C5-841
155,156,8,只是一团乱码,2018-08-10 09:28:04,爱情这东西太奢侈了，感觉是可遇不可求的东西。我觉得自己不会有这么好的运气,河北承德,106.112.59.83,"河北省承德市 电信 * GeoIP: Hebei, China * China Telecom",49,1533864484,1,cj,0,2,0,0,5B6CEA23-6A703B53-14ADCCC80-8C5-871
156,157,8,法号_一休,2018-08-10 09:24:26,形象，我就喜欢在星巴克自拍，[喵喵][喵喵],浙江杭州,36.23.109.88,"浙江省 电信 * GeoIP: Hangzhou, Zhejiang, China * China Telecom Zhongxin",22,1533864266,0,cj,0,0,0,0,5B6CE94A-24176D58-CDF2B7D6-8C5-8BE
157,158,8,Tomochin_笑,2018-08-10 09:14:13,典型的吃完饭骂厨子[二哈],北京,123.114.186.205,"北京市 联通 * GeoIP: Beijing, China * China Unicom Beijing",19,1533863652,1,cj,0,1,0,0,5B6CE6E0-7B72BACD-4BDC9F9F-8C5-7FC
158,159,8,空心悟佛,2018-08-10 09:12:28,专家，就是叫你搬起砖头砸自己的家,广东,223.104.63.180,"广东省深圳市 移动 * GeoIP: Shenzhen, Guangdong, China * China Mobile",16,1533863548,1,cj,0,0,0,0,5B6CE67D-DF683FB4-DDB2AE6A-8C5-90F
159,160,8,所有昵称已被抢占,2018-08-10 08:56:54,反正都是年轻人的锅,北京,203.86.91.114,"北京市  * GeoIP: Beijing, China * China Telecom Beijing",9,1533862614,1,cj,0,0,0,0,5B6CE2D4-CB565B72-99819B6E-8C5-921
160,161,9,Mickey君_,2018-08-10 08:45:16,[doge][doge][doge]那我应该换个iphoneX,内蒙古通辽,223.104.178.228,"内蒙古自治区 移动 * GeoIP: Tongliao, Nei Mongol, China * China Mobile Guangdong",46,1533861916,0,cj,0,1,0,0,5B6CE01A-DF68B2E4-177D4BA5D-8C5-8EA
161,162,9,王部长你说的对,2018-08-10 08:44:53,敢吗，以前计划生育也没人敢危害社会,江苏南京,117.136.45.66,"江苏省 移动 * GeoIP: Nanjing, Jiangsu, China * China Mobile",28,1533861893,0,cj,0,3,0,0,5B6CE005-75882D42-18AE5C045-8C5-8F7
162,163,9,fafa妮妮RDJ,2018-08-10 08:37:48,呵，买房，现在的房价哪是你让攒就买的起的，买不起还不让买其他东西吗 这什么神奇逻辑,云南,117.136.72.205,"云南省 移动 * GeoIP: Kunming, Yunnan, China * China Mobile Guangdong",48,1533861468,13,cj,0,1,0,0,5B6CDE5B-758848CD-180FB90B6-8C5-800
163,164,9,候鸟之一瞬间,2018-08-10 08:30:31,关键是千禧一代连个人大代表都当不上怎么能担负带路人的重任？,新疆乌鲁木齐,124.117.207.20,"新疆自治区乌鲁木齐 电信 * GeoIP: Urumqi, Xinjiang, China * China Telecom xinjiang",29,1533861031,3,cj,0,0,0,0,5B6CDCA4-7C75CF14-18A4806F4-8C5-902
164,165,9,菇熙,2018-08-10 08:30:09,房价那么高。不贷款。谁能全款。专家真多是站着说话不腰疼,河南郑州,223.88.10.0,"河南省郑州市 移动 * GeoIP: Zhengzhou, Henan, China * Henan Mobile Communications Co.,Ltd",27,1533861009,3,cj,0,0,0,0,5B6CDC8F-DF580A00-154E33705-8C5-8C0
165,166,9,梁-明-杰,2018-08-10 08:29:14,他们的形象代表是社交网络中的星巴克咖啡馆自拍。[允悲],湖北襄阳,121.63.179.195,"湖北省襄阳市 电信 * GeoIP: Xiangyang, Hubei, China * China Telecom Hubei",27,1533860954,0,cj,0,0,0,0,5B6CDC59-793FB3C3-6C6C205D-8C5-8B5
166,167,9,EnVyUs丶rice,2018-08-10 08:20:08,没错了说的就是你,内蒙古,220.195.65.176,"内蒙古自治区通辽市 联通 * GeoIP: Chifeng, Nei Mongol, China * China Unicom Liaoning",8,1533860408,0,cj,0,0,0,0,5B6CDA38-DCC341B0-1674AEBF6-8C5-883
167,168,9,长的像地瓜一样的土豆星球,2018-08-10 08:15:56,是是是是  怪年轻人怪年轻人 [思考]  年轻人不努力呗    连不吃不喝十年买套房的决心都没有 [思考][思考],四川,223.104.216.90,"中国 移动 * GeoIP: Chengdu, Sichuan, China * China Mobile Guangdong",57,1533860156,1,cj,0,0,0,0,5B6CD939-DF68D85A-1615B24DA-8C5-925
168,169,9,胖达的小星星,2018-08-10 07:37:42,攒钱？放银行？然后拿出来还不够买杯奶茶？,安徽合肥,223.104.34.84,"安徽省 移动 * GeoIP: Hefei, Anhui, China * China Mobile Guangdong",20,1533857862,3,cj,0,0,0,0,5B6CD042-DF682254-D1614036-8C5-89F
169,170,9,我阿訇打钱,2018-08-10 03:25:26,畸形的消费观，等工作了几年需要养家糊口就老实了,青海海南藏族自治州,110.167.21.56,"青海省海南州 电信 * GeoIP: Xining, Qinghai, China * China Telecom Qinghai",31,1533842726,14,cj,0,1,0,0,5B6C9525-6EA71538-17A3D8EEA-8C5-8D1
170,171,9,wuyubao,2018-08-10 03:21:10,走错片场了没？[允悲],福建龙岩,117.31.183.211,"福建省龙岩市 电信 * GeoIP: Longyan, Fujian, China * China Telecom fujian",11,1533842470,0,cj,0,0,0,0,5B6C9426-751FB7D3-63E42556-8C5-89B
171,172,9,落木溪,2018-08-09 23:43:45,这个锅我不背[挖鼻],河南南阳,182.114.224.57,"河南省南阳市 联通 * GeoIP: Nanyang, Henan, China * China Unicom Henan",10,1533829425,0,cj,0,0,0,0,5B6C6130-B672E039-15CF2D132-8C5-7FF
172,173,9,不回头就行了,2018-08-09 23:30:32,这届年轻人不行[doge],广东广州,112.96.199.121,"广东省广州市 联通 * GeoIP: Guangzhou, Guangdong, China * China Unicom Guangzhou network",13,1533828632,0,cj,0,0,0,0,5B6C5E17-7060C779-A43946FF-8C5-86E
173,174,9,陈大大耶耶,2018-08-09 23:11:42,同意,广东揭阳,223.74.229.250,"广东省揭阳市 移动 * GeoIP: Jieyang, Guangdong, China * China Mobile",2,1533827501,0,cj,0,0,0,0,5B6C59AC-DF4AE5FA-B479F1B2-8C5-7FE
174,175,9,墨迹-莫记,2018-08-09 22:55:51,优秀,湖北武汉,117.151.16.116,"湖北省武汉市 移动 * GeoIP: Wuhan, Hubei, China * China Mobile Guangdong",11,1533826551,0,cj,0,1,0,0,5B6C55F7-75971074-DC968C61-8C5-928
175,176,9,生活应该是美好而温柔的,2018-08-09 22:35:13,大学毕业后的心理问题有必要治疗吗？会随着时间慢慢好起来吗？,河南安阳,115.48.27.223,"河南省安阳市 联通 * GeoIP: Anyang, Henan, China * China Unicom Henan",29,1533825313,0,cj,0,0,0,0,5B6C5120-73301BDF-E59296DB-8C5-957
176,177,9,十陵第一建筑施工队,2018-08-09 22:22:57,两个人只生活在一起，不用结婚证生娃啥的了。爱情还是要得,四川内江,118.118.129.137,"四川省内江市 电信 * GeoIP: Chengdu, Sichuan, China * China Telecom Sichuan",37,1533824576,0,cj,0,1,0,0,5B6C4E3E-76768189-170CCB600-8C5-907
177,178,9,HERMIONZI,2018-08-09 22:22:20,[并不简单]说的是！,新疆乌鲁木齐,221.181.52.134,新疆自治区乌鲁木齐市 移动 * GeoIP: China * China Mobile Guangdong,20,1533824539,0,cj,0,2,0,0,5B6C4E19-DDB53486-1364CE351-8C5-89A
178,179,9,十陵第一建筑施工队,2018-08-09 22:19:59,没错没错,四川内江,118.118.129.137,"四川省内江市 电信 * GeoIP: Chengdu, Sichuan, China * China Telecom Sichuan",15,1533824399,0,cj,0,1,0,0,5B6C4D8E-76768189-170CCB600-8C5-907
179,180,9,十陵第一建筑施工队,2018-08-09 22:16:55,买不起房的我[泪][泪],四川内江,118.118.129.137,"四川省内江市 电信 * GeoIP: Chengdu, Sichuan, China * China Telecom Sichuan",22,1533824215,0,cj,0,1,0,0,5B6C4CD6-76768189-170CCB600-8C5-907
180,181,10,十陵第一建筑施工队,2018-08-09 22:15:30,直接领,四川内江,118.118.129.137,"四川省内江市 电信 * GeoIP: Chengdu, Sichuan, China * China Telecom Sichuan",12,1533824130,0,cj,0,1,0,0,5B6C4C82-76768189-170CCB600-8C5-907
181,182,10,十陵第一建筑施工队,2018-08-09 22:14:54,我没吃他的穿他的。何错之有,四川内江,118.118.129.137,"四川省内江市 电信 * GeoIP: Chengdu, Sichuan, China * China Telecom Sichuan",20,1533824094,3,cj,0,1,0,0,5B6C4C5E-76768189-170CCB600-8C5-907
182,183,10,十陵第一建筑施工队,2018-08-09 22:13:37,我也想，但是我有那个能力吗[摊手][摊手],四川内江,118.118.129.137,"四川省内江市 电信 * GeoIP: Chengdu, Sichuan, China * China Telecom Sichuan",38,1533824017,1,cj,0,1,0,0,5B6C4C11-76768189-170CCB600-8C5-907
183,184,10,十陵第一建筑施工队,2018-08-09 22:12:44,现在好多人一辈子房奴，还几十年的都有,四川内江,118.118.129.137,"四川省内江市 电信 * GeoIP: Chengdu, Sichuan, China * China Telecom Sichuan",30,1533823964,0,cj,0,1,0,0,5B6C4BD8-76768189-170CCB600-8C5-907
184,185,10,十陵第一建筑施工队,2018-08-09 22:11:49,现在房价就没有低于一万的了吧，有都很少,四川内江,118.118.129.137,"四川省内江市 电信 * GeoIP: Chengdu, Sichuan, China * China Telecom Sichuan",35,1533823909,0,cj,0,1,0,0,5B6C4BA4-76768189-170CCB600-8C5-907
185,186,10,江花醉月,2018-08-09 22:03:46,感受颇深,江西赣州,111.75.44.229,"江西省赣州市 电信 * GeoIP: Ganzhou, Jiangxi, China * China Telecom Jiangxi",4,1533823426,0,cj,0,0,0,0,5B6C49C2-6F4B2CE5-7710F2F2-8C5-9AA
186,187,10,我是帅哥_璇哥哥,2018-08-09 21:56:14,我也不借，但是他这觉得正常消费是不对的，我就不能忍，累死累活赚点钱还不能花的舒服吗~~~,福建龙岩,117.31.183.175,"福建省龙岩市 电信 * GeoIP: Longyan, Fujian, China * China Telecom fujian",58,1533822974,0,cj,0,1,0,0,5B6C47FD-751FB7AF-462BF5DE-8C5-7F6
187,188,10,锌楠神,2018-08-09 21:35:51,@Asuka---02  真滴牛批,黑龙江哈尔滨,113.5.4.12,"黑龙江省哈尔滨市 联通 * GeoIP: Harbin, Heilongjiang, China * China Unicom Heilongjiang",17,1533821750,0,cj,0,0,0,0,5B6C4336-7105040C-13DDE082F-8C5-8F9
188,189,10,高处胜寒_,2018-08-09 20:49:45,杠杆率那么大都在哪儿了你们自己心里没有b数吗[费解],北京海淀,118.199.2.52,"北京市 鹏博士 * GeoIP: Beijing, China * China Telecom Beijing",26,1533818984,0,cj,0,0,0,0,5B6C3868-76C70234-12DD30D69-8C5-792
189,190,10,Ruler丿,2018-08-09 20:36:21,不说了 我还有30年的房贷还没还[doge],浙江,112.17.244.66,"浙江省 移动 * GeoIP: Hangzhou, Zhejiang, China * China Mobile",22,1533818181,0,cj,0,0,0,0,5B6C3544-7011F442-9B2DD721-8C5-802
190,191,10,nightfall沉淀,2018-08-09 19:21:57,背上，匍匐前进,陕西西安,123.138.232.124,"陕西省汉中市 联通 * GeoIP: Xian, Shaanxi, China * China Unicom Shannxi province network",20,1533813717,0,cj,0,2,0,0,5B6C23D0-7B8AE87C-8B038E79-8C5-97C
191,192,10,蜡笔猪小呆,2018-08-09 18:49:04,人在家中坐，锅从天上来,云南昆明,117.136.85.13,"云南省 移动 * GeoIP: Kunming, Yunnan, China * China Mobile Guangdong",11,1533811744,2,cj,0,0,0,0,5B6C1C1B-7588550D-6C230905-8C5-92B
192,193,10,手机用户9274694927,2018-08-09 18:35:54,我低调,上海,223.104.210.127,"上海市 移动 * GeoIP: Shanghai, China * Shanghai Mobile Communications Co.,Ltd.",11,1533810954,0,cj,0,1,0,0,5B6C1908-DF68D27F-6A64AE0B-8C5-860
193,194,10,北郭先生_Morning,2018-08-09 18:35:45,可能是50年代生的年轻人吧！,辽宁丹东,112.40.176.99,"辽宁省丹东市 移动 * GeoIP: Dandong, Liaoning, China * China Mobile",14,1533810945,0,cj,0,0,0,0,5B6C1901-7028B063-716578EC-8C5-91F
194,195,10,福建商业一城,2018-08-09 17:54:33,喝星巴克才多少钱[吃瓜]我觉得我死命消费一年也不到一万,福建,220.249.162.62,"福建省福州市 联通 * GeoIP: Fuzhou, Fujian, China * China Unicom FuJian",27,1533808472,0,cj,0,0,0,0,5B6C0F57-DCF9A23E-66EBB43B-8C5-8F3
195,196,10,nightfall沉淀,2018-08-09 17:34:17,背,陕西西安,1.83.3.172,"陕西省西安市 电信 * GeoIP: Xian, Shaanxi, China * China Telecom SHAANXI",1,1533807257,0,cj,0,0,0,0,5B6C0A98-15303AC-8B038E79-8C5-97C
196,197,10,樱狼永恒,2018-08-09 17:03:29,用了还不是要还的，物价飞涨，人民币贬值，我同样的钱现在能买的东西过段时间可能就买不了了，为什么不现在买,四川成都,139.207.28.2,"四川省成都市 电信 * GeoIP: Shifang, Sichuan, China * China Telecom",51,1533805409,1,cj,0,0,0,0,5B6C0361-8BCF1C02-5E31E422-8C5-838
197,198,10,木花篱,2018-08-09 16:50:17,钱要是够花谁他妈借？车子，房子，结婚有几个人一把掏不贷款？,上海,222.65.171.124,"上海市 电信 * GeoIP: Shanghai, China * China Telecom Shanghai",29,1533804617,1,cj,0,0,0,0,5B6C0049-DE41AB7C-15292F06A-8C5-911
198,199,10,洛洛洛-沉迷哈蛋无法自拔,2018-08-09 16:49:27,总之，什么屎盆子都往年轻人头上扣就对了，80后是被如此对待的，现在轮到90后，00后或许在80后掌控言论之后会好点吧[拜拜],甘肃兰州,61.178.15.104,"甘肃省兰州市 电信 * GeoIP: Lanzhou, Gansu, China * China Telecom Gansu",62,1533804567,1,cj,0,0,0,0,5B6C0013-3DB20F68-E890AC76-8C5-8A8
199,200,10,门外种着一棵歪脖子树,2018-08-09 16:30:00,大猪蹄子,江苏南通,112.21.78.140,"江苏省南通市 移动 * GeoIP: Nantong, Jiangsu, China * China Mobile",4,1533803400,0,cj,0,0,0,0,5B6BFB87-70154E8C-CA63DADC-8C5-7B5
